,rank,country,region,score,gdp_per_capita,healthy_life_expectancy,freedom_to_life_choice,generosity,corruption_perceptions,population,year,sqrt_of_population,social_support
,1,Switzerland,Western Europe,7.587,1.39651,0.94143,0.66557,0.29678,0.41978,8300000,2015,2880.972058,1.34951
1,2,Iceland,Western Europe,7.561,1.30232,0.94784,0.62877,0.4363,0.14145,330000,2015,574.4562647,1.40223
2,3,Denmark,Western Europe,7.527,1.32548,0.87464,0.64938,0.34139,0.48357,5690000,2015,2385.372088,1.36058
3,4,Norway,Western Europe,7.522,1.459,0.88521,0.66973,0.34699,0.36503,5200000,2015,2280.35085,1.33095
4,5,Canada,North America,7.427,1.32629,0.90563,0.63297,0.45811,0.32957,36000000,2015,6000,1.32261
5,6,Finland,Western Europe,7.406,1.29025,0.88911,0.64169,0.23351,0.41372,5480000,2015,2340.939982,1.31826
6,7,Netherlands,Western Europe,7.378,1.32944,0.89284,0.61576,0.4761,0.31814,16900000,2015,4110.960958,1.28017
7,8,Sweden,Western Europe,7.364,1.33171,0.91087,0.6598,0.36262,0.43844,9760000,2015,3124.09987,1.28907
8,9,New Zealand,Australia and New Zealand,7.286,1.25018,0.90837,0.63938,0.47501,0.42922,4610000,2015,2147.091055,1.31967
9,10,Australia,Australia and New Zealand,7.284,1.33358,0.93156,0.65124,0.43562,0.35637,23900000,2015,4888.762625,1.30923
10,11,Israel,Middle East and Northern Africa,7.278,1.22857,0.91387,0.41319,0.33172,0.07785,7980000,2015,2824.889378,1.22393
11,12,Costa Rica,Latin America and Caribbean,7.226,0.95578,0.86027,0.63376,0.25497,0.10583,4850000,2015,2202.271555,1.23788
12,13,Austria,Western Europe,7.2,1.33723,0.89042,0.62433,0.33088,0.18676,8680000,2015,2946.183973,1.29704
13,14,Mexico,Latin America and Caribbean,7.187,1.02054,0.81444,0.48181,0.14074,0.21312,122000000,2015,11045.36102,0.91451
14,15,United States,North America,7.119,1.39451,0.86179,0.54604,0.40105,0.1589,321000000,2015,17916.47287,1.24711
15,16,Brazil,Latin America and Caribbean,6.983,0.98124,0.69702,0.49049,0.14574,0.17521,204000000,2015,14282.85686,1.23287
16,17,Luxembourg,Western Europe,6.946,1.56391,0.91894,0.61583,0.28034,0.37798,567000,2015,752.9940239,1.21963
17,18,Ireland,Western Europe,6.94,1.33596,0.89533,0.61777,0.45901,0.28703,4650000,2015,2156.385865,1.36948
18,19,Belgium,Western Europe,6.937,1.30782,0.89667,0.5845,0.2225,0.2254,11300000,2015,3361.547263,1.28566
19,20,United Arab Emirates,Middle East and Northern Africa,6.901,1.42727,0.80925,0.64157,0.26428,0.38583,9260000,2015,3043.024811,1.12575
20,21,United Kingdom,Western Europe,6.867,1.26637,0.90943,0.59625,0.51912,0.32067,65900000,2015,8117.881497,1.28548
21,22,Oman,Middle East and Northern Africa,6.853,1.36011,0.76276,0.63274,0.21542,0.32524,4270000,2015,2066.397832,1.08182
22,23,Venezuela,Latin America and Caribbean,6.81,1.04424,0.72052,0.42908,0.05841,0.11069,30100000,2015,5486.34669,1.25596
23,24,Singapore,Southeastern Asia,6.798,1.52186,1.02525,0.54252,0.31105,0.4921,5590000,2015,2364.318084,1.02
24,25,Panama,Latin America and Caribbean,6.786,1.06353,0.79661,0.5421,0.24434,0.0927,3970000,2015,1992.485885,1.1985
25,26,Germany,Western Europe,6.75,1.32792,0.89186,0.61477,0.28214,0.21843,81800000,2015,9044.335244,1.29937
26,27,Chile,Latin America and Caribbean,6.67,1.10715,0.85857,0.44132,0.33363,0.12869,18000000,2015,4242.640687,1.12447
27,28,Qatar,Middle East and Northern Africa,6.611,1.69042,0.79733,0.6404,0.32573,0.52208,2570000,2015,1603.121954,1.0786
28,29,France,Western Europe,6.575,1.27778,0.94579,0.55011,0.12332,0.20646,64500000,2015,8031.189202,1.26038
29,30,Argentina,Latin America and Caribbean,6.574,1.05351,0.78723,0.44974,0.11451,0.08484,43100000,2015,6565.059025,1.24823
30,31,Czech Republic,Central and Eastern Europe,6.505,1.17898,0.84483,0.46364,0.10686,0.02652,10600000,2015,3255.764119,1.20643
31,32,Uruguay,Latin America and Caribbean,6.485,1.06166,0.8116,0.60362,0.2324,0.24558,3410000,2015,1846.618531,1.2089
32,33,Colombia,Latin America and Caribbean,6.477,0.91861,0.69077,0.53466,0.18401,0.0512,47500000,2015,6892.024376,1.24018
33,34,Thailand,Southeastern Asia,6.455,0.9669,0.7385,0.55664,0.5763,0.03187,68700000,2015,8288.546314,1.26504
34,35,Saudi Arabia,Middle East and Northern Africa,6.411,1.39541,0.72025,0.31048,0.13706,0.32524,31700000,2015,5630.275304,1.08393
35,36,Spain,Western Europe,6.329,1.23011,0.95562,0.45951,0.18227,0.06398,46700000,2015,6833.739825,1.31379
36,37,Malta,Western Europe,6.302,1.2074,0.88721,0.60365,0.51752,0.13586,434000,2015,658.7867637,1.30203
38,39,Kuwait,Middle East and Northern Africa,6.295,1.55422,0.72492,0.55499,0.16228,0.25609,3840000,2015,1959.591794,1.16594
39,40,Suriname,Latin America and Caribbean,6.269,0.99534,0.6082,0.59657,0.16991,0.13633,559000,2015,747.6630257,0.972
40,41,Trinidad and Tobago,Latin America and Caribbean,6.168,1.21183,0.61483,0.55884,0.31844,0.0114,1370000,2015,1170.469991,1.18354
41,42,El Salvador,Latin America and Caribbean,6.13,0.76454,0.67737,0.4035,0.10692,0.11776,6330000,2015,2515.949125,1.02507
42,43,Guatemala,Latin America and Caribbean,6.123,0.74553,0.64425,0.57733,0.27489,0.09472,16300000,2015,4037.325848,1.04356
43,44,Uzbekistan,Central and Eastern Europe,6.003,0.63244,0.59772,0.65821,0.22837,0.30826,30900000,2015,5558.776844,1.34043
44,45,Slovakia,Central and Eastern Europe,5.995,1.16891,0.78902,0.31751,0.16893,0.03431,5440000,2015,2332.380758,1.26999
45,46,Japan,Eastern Asia,5.987,1.27074,0.99111,0.49615,0.10705,0.1806,128000000,2015,11313.7085,1.25712
46,47,South Korea,Eastern Asia,5.984,1.24461,0.96538,0.33208,0.18557,0.07857,50800000,2015,7127.411872,0.95774
47,48,Ecuador,Latin America and Caribbean,5.975,0.86402,0.79075,0.48574,0.11541,0.1809,16200000,2015,4024.922359,0.99903
48,49,Bahrain,Middle East and Northern Africa,5.96,1.32376,0.74716,0.45492,0.17362,0.306,1370000,2015,1170.469991,1.21624
49,50,Italy,Western Europe,5.948,1.25114,0.95446,0.26236,0.22823,0.02901,60600000,2015,7784.600182,1.19777
50,51,Bolivia,Latin America and Caribbean,5.89,0.68133,0.5392,0.57414,0.20536,0.088,10900000,2015,3301.514804,0.97841
51,52,Moldova,Central and Eastern Europe,5.889,0.59448,0.61826,0.32818,0.20951,0.01615,4070000,2015,2017.4241,1.01528
52,53,Paraguay,Latin America and Caribbean,5.878,0.75985,0.66098,0.53899,0.3424,0.08242,6690000,2015,2586.503431,1.30477
53,54,Kazakhstan,Central and Eastern Europe,5.855,1.12254,0.64368,0.51649,0.11827,0.08454,17600000,2015,4195.235393,1.12241
54,55,Slovenia,Central and Eastern Europe,5.848,1.18498,0.87337,0.60855,0.25328,0.03787,2070000,2015,1438.749457,1.27385
55,56,Lithuania,Central and Eastern Europe,5.833,1.14723,0.73128,0.21342,0.02641,0.01031,2930000,2015,1711.724277,1.25745
56,57,Nicaragua,Latin America and Caribbean,5.828,0.59325,0.74314,0.55475,0.27815,0.19317,6220000,2015,2493.992783,1.14184
57,58,Peru,Latin America and Caribbean,5.824,0.90019,0.73017,0.41496,0.14982,0.05989,30500000,2015,5522.680509,0.97459
58,59,Belarus,Central and Eastern Europe,5.813,1.03192,0.73608,0.37938,0.11046,0.1909,9440000,2015,3072.458299,1.23289
59,60,Poland,Central and Eastern Europe,5.791,1.12555,0.77903,0.53122,0.16759,0.04212,38000000,2015,6164.414003,1.27948
60,61,Malaysia,Southeastern Asia,5.77,1.12486,0.72394,0.53024,0.33075,0.10501,30300000,2015,5504.543578,1.07023
61,62,Croatia,Central and Eastern Europe,5.759,1.08254,0.78805,0.25883,0.05444,0.0243,4230000,2015,2056.69638,0.79624
62,63,Libya,Middle East and Northern Africa,5.754,1.13145,0.7038,0.41668,0.18295,0.11023,6420000,2015,2533.771892,1.11862
63,64,Russia,Central and Eastern Europe,5.716,1.13764,0.66926,0.36679,0.00199,0.03005,145000000,2015,12041.59458,1.23617
64,65,Jamaica,Latin America and Caribbean,5.709,0.81038,0.68741,0.50442,0.2123,0.02299,2890000,2015,1700,1.15102
66,67,Cyprus,Western Europe,5.689,1.20813,0.92356,0.40672,0.30638,0.06146,1160000,2015,1077.032961,0.89318
67,68,Algeria,Middle East and Northern Africa,5.605,0.93929,0.61766,0.28579,0.07822,0.17383,39700000,2015,6300.793601,1.07772
69,70,Turkmenistan,Central and Eastern Europe,5.548,0.95847,0.53886,0.4761,0.16979,0.30844,5570000,2015,2360.084744,1.22668
70,71,Mauritius,Sub-Saharan Africa,5.477,1.00761,0.7095,0.56066,0.37744,0.07521,1260000,2015,1122.497216,0.98521
72,73,Estonia,Central and Eastern Europe,5.429,1.15174,0.77361,0.44888,0.0868,0.15184,1320000,2015,1148.912529,1.22791
73,74,Indonesia,Southeastern Asia,5.399,0.82827,0.63793,0.46611,0.51535,0.15184,258000000,2015,16062.3784,1.08708
74,75,Vietnam,Southeastern Asia,5.36,0.63216,0.74676,0.59444,0.1686,0.10441,92700000,2015,9628.083922,0.91226
75,76,Turkey,Middle East and Northern Africa,5.332,1.06098,0.73172,0.22815,0.12253,0.15746,78500000,2015,8860.022573,0.94632
77,78,Nigeria,Sub-Saharan Africa,5.268,0.65435,0.16007,0.34334,0.27233,0.0403,181000000,2015,13453.62405,0.90432
78,79,Bhutan,Southern Asia,5.253,0.77042,0.57407,0.53206,0.47998,0.15445,728000,2015,853.2291603,1.10395
79,80,Azerbaijan,Central and Eastern Europe,5.212,1.02389,0.64045,0.3703,0.07799,0.16065,9620000,2015,3101.612484,0.93793
80,81,Pakistan,Southern Asia,5.194,0.59543,0.51466,0.12102,0.33671,0.10464,199000000,2015,14106.73598,0.41411
81,82,Jordan,Middle East and Northern Africa,5.192,0.90198,0.69639,0.40661,0.11053,0.14293,9270000,2015,3044.66747,1.05392
82,82,Montenegro,Central and Eastern Europe,5.192,0.97438,0.72521,0.1826,0.1614,0.14296,627000,2015,791.8333158,0.90557
83,84,China,Eastern Asia,5.14,0.89012,0.81658,0.51697,0.08185,0.02781,1410000000,2015,37549.96671,0.94675
84,85,Zambia,Sub-Saharan Africa,5.129,0.47038,0.29924,0.48827,0.19591,0.12468,15900000,2015,3987.480407,0.91612
85,86,Romania,Central and Eastern Europe,5.124,1.04345,0.7689,0.35068,0.13748,0.00649,19900000,2015,4460.941605,0.88588
86,87,Serbia,Central and Eastern Europe,5.123,0.92053,0.74836,0.20107,0.19231,0.02617,8880000,2015,2979.932885,1.00964
87,88,Portugal,Western Europe,5.102,1.15991,0.87519,0.51469,0.13719,0.01078,10400000,2015,3224.903099,1.13935
88,89,Latvia,Central and Eastern Europe,5.098,1.11312,0.72437,0.29671,0.18226,0.06332,2000000,2015,1414.213562,1.09562
89,90,Philippines,Southeastern Asia,5.073,0.70532,0.58114,0.62545,0.24991,0.12279,102000000,2015,10099.50494,1.03516
91,92,Morocco,Middle East and Northern Africa,5.013,0.73479,0.60954,0.41691,0.07172,0.08546,34700000,2015,5890.67059,0.64095
92,93,Macedonia,Central and Eastern Europe,5.007,0.91851,0.73545,0.33457,0.22359,0.05327,2080000,2015,1442.22051,1.00232
93,94,Mozambique,Sub-Saharan Africa,4.971,0.08308,0.09131,0.34037,0.22269,0.15603,27000000,2015,5196.152423,1.02626
94,95,Albania,Central and Eastern Europe,4.959,0.87867,0.81325,0.35733,0.14272,0.06413,2890000,2015,1700,0.80434
95,96,Bosnia and Herzegovina,Central and Eastern Europe,4.949,0.83223,0.79081,0.09245,0.24808,0.00227,3430000,2015,1852.025918,0.91916
96,97,Lesotho,Sub-Saharan Africa,4.898,0.37545,0.07612,0.31767,0.16388,0.12504,2060000,2015,1435.270009,1.04103
97,98,Dominican Republic,Latin America and Caribbean,4.885,0.89537,0.66825,0.57672,0.21684,0.14234,10300000,2015,3209.361307,1.17202
98,99,Laos,Southeastern Asia,4.876,0.59066,0.54909,0.59591,0.42192,0.24249,6740000,2015,2596.150997,0.73803
99,100,Mongolia,Eastern Asia,4.874,0.82819,0.60268,0.43626,0.3323,0.02666,3000000,2015,1732.050808,1.3006
100,101,Swaziland,Sub-Saharan Africa,4.867,0.71206,0.07566,0.30658,0.18259,0.0306,1100000,2015,1048.808848,1.07284
101,102,Greece,Western Europe,4.857,1.15406,0.88213,0.07699,0.18259,0.01397,10700000,2015,3271.085447,0.92933
102,103,Lebanon,Middle East and Northern Africa,4.839,1.02564,0.83947,0.33916,0.21854,0.04582,6530000,2015,2555.386468,0.80001
103,104,Hungary,Central and Eastern Europe,4.8,1.12094,0.75905,0.32112,0.128,0.02758,9780000,2015,3127.299154,1.20215
104,105,Honduras,Latin America and Caribbean,4.788,0.59532,0.6951,0.40148,0.23027,0.06825,9110000,2015,3018.277655,0.95348
105,106,Tajikistan,Central and Eastern Europe,4.786,0.39047,0.57379,0.47216,0.22974,0.15072,8450000,2015,2906.888371,0.85563
106,107,Tunisia,Middle East and Northern Africa,4.739,0.88113,0.73793,0.26268,0.06431,0.06358,11200000,2015,3346.640106,0.60429
107,108,Palestinian Territories,Middle East and Northern Africa,4.715,0.59867,0.66015,0.24499,0.11251,0.12905,4530000,2015,2128.379665,0.92558
108,109,Bangladesh,Southern Asia,4.694,0.39753,0.60164,0.4082,0.21222,0.12569,156000000,2015,12489.996,0.43106
109,110,Iran,Middle East and Northern Africa,4.686,1.0088,0.69805,0.30033,0.38086,0.05863,78500000,2015,8860.022573,0.54447
110,111,Ukraine,Central and Eastern Europe,4.681,0.79907,0.6739,0.25123,0.15275,0.02961,44900000,2015,6700.746227,1.20278
111,112,Iraq,Middle East and Northern Africa,4.677,0.98549,0.60237,0.25123,0.17922,0.13788,35600000,2015,5966.573556,0.81889
112,113,South Africa,Sub-Saharan Africa,4.642,0.92049,0.27688,0.33207,0.11973,0.08884,55400000,2015,7443.117626,1.18468
113,114,Ghana,Sub-Saharan Africa,4.633,0.54558,0.40132,0.42342,0.23087,0.04355,27800000,2015,5272.570531,0.67954
114,115,Zimbabwe,Sub-Saharan Africa,4.61,0.271,0.33475,0.25861,0.18987,0.08079,13800000,2015,3714.835124,1.03276
115,116,Liberia,Sub-Saharan Africa,4.571,0.0712,0.34201,0.28531,0.24362,0.06232,4470000,2015,2114.237451,0.78968
116,117,India,Southern Asia,4.565,0.64499,0.51529,0.39786,0.26475,0.08492,1310000000,2015,36193.92214,0.38174
117,118,Sudan,Sub-Saharan Africa,4.55,0.52107,0.36878,0.10081,0.19062,0.1466,38900000,2015,6236.986452,1.01404
118,119,Haiti,Latin America and Caribbean,4.518,0.26673,0.38847,0.24425,0.46187,0.17175,10700000,2015,3271.085447,1.01404
119,120,Congo (Kinshasa),Sub-Saharan Africa,4.517,0.26673,0.09806,0.22605,0.24834,0.07625,76200000,2015,8729.261137,0.74302
120,121,Nepal,Southern Asia,4.514,0.35997,0.56874,0.38282,0.32296,0.05907,27000000,2015,5196.152423,1.0012
121,122,Ethiopia,Sub-Saharan Africa,4.512,0.19073,0.44055,0.4345,0.24325,0.15048,101000000,2015,10049.87562,0.86449
122,123,Sierra Leone,Sub-Saharan Africa,4.507,0.33024,0.44055,0.4084,0.21488,0.08786,7170000,2015,2677.685568,0.60406
123,124,Mauritania,Sub-Saharan Africa,4.436,0.45407,0.35874,0.24232,0.219,0.17461,4050000,2015,2012.46118,0.95571
124,125,Kenya,Sub-Saharan Africa,4.419,0.36471,0.41435,0.42215,0.37542,0.05839,47900000,2015,6920.982589,0.86908
125,126,Djibouti,Sub-Saharan Africa,4.369,0.44025,0.36291,0.46074,0.18093,0.28105,914000,2015,956.0334722,0.99876
126,127,Armenia,Central and Eastern Europe,4.35,0.76821,0.7299,0.19847,0.07855,0.039,2930000,2015,1711.724277,0.59207
127,128,Botswana,Sub-Saharan Africa,4.332,0.99355,0.04776,0.49495,0.10461,0.12474,2120000,2015,1456.021978,0.77711
128,129,Myanmar,Southeastern Asia,4.307,0.27108,0.48246,0.44017,0.79588,0.19034,52700000,2015,7259.476565,1.10464
129,130,Georgia,Central and Eastern Europe,4.297,0.7419,0.72926,0.40577,0.05547,0.38331,4020000,2015,2004.993766,0.70905
130,131,Malawi,Sub-Saharan Africa,4.292,0.01604,0.22562,0.43054,0.33128,0.06977,16700000,2015,4086.563348,0.38562
131,132,Sri Lanka,Southern Asia,4.271,0.83524,0.70806,0.53726,0.40828,0.09179,20900000,2015,4571.65178,0.41134
132,133,Cameroon,Sub-Saharan Africa,4.252,0.4225,0.23402,0.49309,0.20618,0.05786,23300000,2015,4827.007354,1.01905
133,134,Bulgaria,Central and Eastern Europe,4.218,1.01216,0.76649,0.30587,0.11921,0.00872,7200000,2015,2683.281573,0.88767
134,135,Egypt,Middle East and Northern Africa,4.194,0.8818,0.61712,0.17288,0.11291,0.06324,92400000,2015,9612.491873,1.10614
135,136,Yemen,Middle East and Northern Africa,4.077,0.54649,0.40064,0.35571,0.09131,0.07854,26500000,2015,5147.81507,0.747
136,137,Angola,Sub-Saharan Africa,4.033,0.75778,0.16683,0.10384,0.12344,0.07122,27900000,2015,5282.045058,0.68093
137,138,Mali,Sub-Saharan Africa,3.995,0.26074,0.20583,0.38857,0.18798,0.12352,17400000,2015,4171.330723,0.8604
138,139,Congo (Brazzaville),Sub-Saharan Africa,3.989,0.67866,0.31051,0.41466,0.12388,0.11686,4860000,2015,2204.540769,1.03526
139,140,Comoros,Sub-Saharan Africa,3.956,0.23906,0.36315,0.22917,0.17441,0.199,777000,2015,881.4760348,0.6629
140,141,Uganda,Sub-Saharan Africa,3.931,0.21102,0.33861,0.45727,0.29066,0.07267,38200000,2015,6180.614856,0.79273
141,142,Senegal,Sub-Saharan Africa,3.904,0.36498,0.4354,0.36772,0.20843,0.10713,14600000,2015,3820.994635,1.13299
142,143,Gabon,Sub-Saharan Africa,3.896,1.06024,0.43372,0.31914,0.06822,0.11091,1950000,2015,1396.424004,0.97619
143,144,Niger,Sub-Saharan Africa,3.845,0.0694,0.29707,0.47692,0.19387,0.15639,20000000,2015,4472.135955,0.90528
144,145,Cambodia,Southeastern Asia,3.819,0.46038,0.61114,0.66246,0.40359,0.07247,15500000,2015,3937.003937,0.77265
145,146,Tanzania,Sub-Saharan Africa,3.781,0.2852,0.38215,0.32878,0.34377,0.05747,51500000,2015,7176.350047,0.62736
146,147,Madagascar,Sub-Saharan Africa,3.681,0.20824,0.46721,0.19184,0.21333,0.08124,24200000,2015,4919.34955,1.00268
147,148,Central African Republic,Sub-Saharan Africa,3.678,0.0785,0.06699,0.48879,0.23835,0.08289,4490000,2015,2118.96201,0.66801
148,149,Chad,Sub-Saharan Africa,3.667,0.34193,0.1501,0.23501,0.18386,0.05269,14100000,2015,3754.996671,0
149,150,Guinea,Sub-Saharan Africa,3.656,0.17417,0.24009,0.37725,0.28657,0.12139,11400000,2015,3376.388603,0.76062
150,151,Ivory Coast,Sub-Saharan Africa,3.655,0.46534,0.15185,0.46866,0.20165,0.17922,23200000,2015,4816.637832,0.46475
151,152,Burkina Faso,Sub-Saharan Africa,3.587,0.25812,0.27125,0.39493,0.21747,0.12832,18100000,2015,4254.409477,0.77115
152,153,Afghanistan,Southern Asia,3.575,0.31982,0.30335,0.23414,0.3651,0.09719,34400000,2015,5865.151319,0.85188
153,154,Rwanda,Sub-Saharan Africa,3.465,0.22208,0.42864,0.59201,0.22628,0.55191,11400000,2015,3376.388603,0.30285
154,155,Benin,Sub-Saharan Africa,3.34,0.28665,0.3191,0.4845,0.1826,0.0801,10600000,2015,3255.764119,0.7737
155,156,Syria,Middle East and Northern Africa,3.006,0.6632,0.72193,0.15684,0.47179,0.18906,18000000,2015,4242.640687,0.35386
156,157,Burundi,Sub-Saharan Africa,2.905,0.0153,0.22396,0.1185,0.19727,0.10062,10200000,2015,3193.743885,0.47489
157,158,Togo,Sub-Saharan Africa,2.839,0.20868,0.28443,0.36453,0.16681,0.10731,7320000,2015,2705.549852,0.41587
,1,Denmark,Western Europe,7.526,1.44178,0.79504,0.57941,0.36171,0.44453,5710000,2016,2389.560629,0.13995
1,2,Switzerland,Western Europe,7.509,1.52733,0.86303,0.58557,0.28083,0.41203,8380000,2016,2894.822965,1.16374
2,3,Iceland,Western Europe,7.501,1.42666,0.86733,0.56624,0.47678,0.14975,332000,2016,576.1944116,1.14524
3,4,Norway,Western Europe,7.498,1.57744,0.79579,0.59609,0.37895,0.35776,5250000,2016,2291.287847,1.18326
4,5,Finland,Western Europe,7.413,1.40598,0.81091,0.57104,0.25492,0.41004,5500000,2016,2345.20788,1.1269
5,6,Canada,North America,7.404,1.44015,0.8276,0.5737,0.44834,0.31329,36400000,2016,6033.241252,1.13464
6,7,Netherlands,Western Europe,7.339,1.46468,0.81231,0.55211,0.47416,0.29927,17000000,2016,4123.105626,1.0961
7,8,New Zealand,Australia and New Zealand,7.334,1.36066,0.83096,0.58147,0.49401,0.41904,4660000,2016,2158.703314,1.02912
8,9,Australia,Australia and New Zealand,7.313,1.44443,0.8512,0.56837,0.47407,0.32331,24300000,2016,4929.503018,1.17278
9,10,Sweden,Western Europe,7.291,1.45181,0.83121,0.58218,0.38254,0.40867,9840000,2016,3136.877428,1.10476
10,11,Israel,Middle East and Northern Africa,7.267,1.33766,0.84917,0.36432,0.32288,0.08728,8110000,2016,2847.806173,1.08764
11,12,Austria,Western Europe,7.119,1.45038,0.80565,0.54355,0.32865,0.21348,8750000,2016,2958.039892,0.99537
12,13,United States,North America,7.104,1.50796,0.779,0.48163,0.41077,0.14868,323000000,2016,17972.20076,1.08383
13,14,Costa Rica,Latin America and Caribbean,7.087,1.06879,0.76146,0.55225,0.22553,0.10547,4900000,2016,2213.594362,1.04782
15,16,Germany,Western Europe,6.994,1.44787,0.81487,0.53466,0.30452,0.28551,82200000,2016,9066.421565,1.02152
16,17,Brazil,Latin America and Caribbean,6.952,1.08754,0.61415,0.40425,0.15776,0.14166,206000000,2016,14352.70009,1.09774
17,18,Belgium,Western Europe,6.929,1.42539,0.81959,0.51354,0.2424,0.26248,11400000,2016,3376.388603,1.03938
18,19,Ireland,Western Europe,6.907,1.48341,0.81455,0.54008,0.44963,0.29754,4700000,2016,2167.948339,1.05249
19,20,Luxembourg,Western Europe,6.871,1.69752,0.84542,0.5487,0.27571,0.35329,579000,2016,760.9204952,1.16157
20,21,Mexico,Latin America and Caribbean,6.778,1.11508,0.71143,0.37709,0.11735,0.18355,123000000,2016,11090.53651,1.03999
21,22,Singapore,Southeastern Asia,6.739,1.64555,0.94719,0.4877,0.32706,0.46987,5650000,2016,2376.972865,0.7146
22,23,United Kingdom,Western Europe,6.725,1.40283,0.80991,0.50036,0.50156,0.27399,66300000,2016,8142.481194,0.86758
23,24,Chile,Latin America and Caribbean,6.705,1.2167,0.81883,0.37789,0.31595,0.11451,18200000,2016,4266.145802,1.08672
24,25,Panama,Latin America and Caribbean,6.701,1.18306,0.70835,0.48927,0.2418,0.08423,4040000,2016,2009.975124,0.90587
25,26,Argentina,Latin America and Caribbean,6.65,1.15137,0.69711,0.42284,0.10989,0.07296,43500000,2016,6595.452979,0.98912
26,27,Czech Republic,Central and Eastern Europe,6.596,1.30915,0.76376,0.41418,0.09929,0.03986,10600000,2016,3255.764119,1.06612
27,28,United Arab Emirates,Middle East and Northern Africa,6.573,1.57352,0.72993,0.56215,0.26591,0.35561,9360000,2016,3059.411708,1.00793
28,29,Uruguay,Latin America and Caribbean,6.545,1.18157,0.72183,0.54388,0.18056,0.21394,3420000,2016,1849.324201,0.87114
29,30,Malta,Western Europe,6.488,1.30782,0.80315,0.54994,0.56237,0.17554,436000,2016,660.3029608,1.03143
30,31,Colombia,Latin America and Caribbean,6.481,1.03032,0.59659,0.44735,0.15626,0.05399,48200000,2016,6942.621983,1.09879
31,32,France,Western Europe,6.478,1.39488,0.83795,0.46562,0.1216,0.17808,64700000,2016,8043.631021,1.02169
32,33,Thailand,Southeastern Asia,6.474,1.0893,0.64915,0.49553,0.58696,0.02833,69000000,2016,8306.623863,1.00508
33,34,Saudi Arabia,Middle East and Northern Africa,6.379,1.48953,0.59267,0.37904,0.15457,0.30008,32400000,2016,5692.099788,1.04477
35,36,Qatar,Middle East and Northern Africa,6.375,1.82427,0.71723,0.56679,0.32388,0.48049,2650000,2016,1627.88206,0.84829
36,37,Spain,Western Europe,6.361,1.34253,0.87896,0.37545,0.17665,0.06137,46600000,2016,6826.419266,0.87964
37,38,Algeria,Middle East and Northern Africa,6.355,1.05266,0.61804,0.21006,0.07044,0.16157,40600000,2016,6371.812929,1.12945
38,39,Guatemala,Latin America and Caribbean,6.324,0.83454,0.54039,0.50379,0.28808,0.08701,16600000,2016,4074.309757,0.83309
39,40,Suriname,Latin America and Caribbean,6.269,1.09686,0.50933,0.52234,0.16665,0.12692,565000,2016,751.6648189,0.87119
40,41,Kuwait,Middle East and Northern Africa,6.239,1.61714,0.63569,0.43166,0.15965,0.23669,3960000,2016,1989.974874,0.77866
41,42,Bahrain,Middle East and Northern Africa,6.218,1.44024,0.65696,0.47375,0.17147,0.25772,1430000,2016,1195.826074,0.87758
42,43,Trinidad and Tobago,Latin America and Caribbean,6.168,1.32572,0.52608,0.48453,0.31935,0.01241,1380000,2016,1174.734012,0.94397
43,44,Venezuela,Latin America and Caribbean,6.084,1.13367,0.61904,0.19847,0.0425,0.08304,29900000,2016,5468.089246,0.98569
44,45,Slovakia,Central and Eastern Europe,6.078,1.27973,0.70367,0.23391,0.13837,0.02947,5440000,2016,2332.380758,1.03302
45,46,El Salvador,Latin America and Caribbean,6.068,0.8737,0.596,0.37269,0.08877,0.10613,6360000,2016,2521.904043,1.08268
46,47,Malaysia,Southeastern Asia,6.005,1.25142,0.62366,0.39031,0.41474,0.09081,30700000,2016,5540.758071,0.80975
47,48,Nicaragua,Latin America and Caribbean,5.992,0.69384,0.65213,0.46582,0.29773,0.16292,6300000,2016,2509.98008,0.88025
48,49,Uzbekistan,Central and Eastern Europe,5.987,0.73591,0.50163,0.60848,0.34326,0.28333,31400000,2016,5603.57029,0.89521
49,50,Italy,Western Europe,5.977,1.35495,0.85102,0.18827,0.16684,0.02556,60700000,2016,7791.020472,1.1681
50,51,Ecuador,Latin America and Caribbean,5.976,0.97306,0.68613,0.4027,0.10074,0.18037,16500000,2016,4062.019202,1.04167
51,52,Belize,Latin America and Caribbean,5.956,0.87616,0.45569,0.51231,0.23684,0.10771,368000,2016,606.6300355,0.85974
52,53,Japan,Eastern Asia,5.921,1.38007,0.91491,0.46761,0.10224,0.18985,128000000,2016,11313.7085,0.68655
53,54,Kazakhstan,Central and Eastern Europe,5.919,1.22943,0.57386,0.4052,0.15011,0.11132,17800000,2016,4219.004622,1.06054
54,55,Moldova,Central and Eastern Europe,5.897,0.69177,0.52309,0.25202,0.19997,0.01903,4070000,2016,2017.4241,0.95544
55,56,Russia,Central and Eastern Europe,5.856,1.23228,0.58991,0.32682,0.02736,0.03586,145000000,2016,12041.59458,0.83132
56,57,Poland,Central and Eastern Europe,5.835,1.24585,0.69058,0.4519,0.14443,0.055,38000000,2016,6164.414003,1.05261
57,57,South Korea,Eastern Asia,5.835,1.35948,0.88645,0.25168,0.18824,0.07716,51000000,2016,7141.428429,1.04685
58,59,Bolivia,Latin America and Caribbean,5.822,0.79422,0.4697,0.50961,0.21698,0.07746,11000000,2016,3316.62479,0.72194
59,60,Lithuania,Central and Eastern Europe,5.813,1.2692,0.64674,0.18929,0.02025,0.0182,2890000,2016,1700,0.83779
60,61,Belarus,Central and Eastern Europe,5.802,1.13062,0.63104,0.29091,0.13942,0.17457,9450000,2016,3074.08523,1.06411
62,63,Slovenia,Central and Eastern Europe,5.768,1.29947,0.79151,0.53164,0.25738,0.03635,2070000,2016,1438.749457,1.04993
63,64,Peru,Latin America and Caribbean,5.743,0.99602,0.62994,0.37502,0.14527,0.05292,30900000,2016,5558.776844,1.05613
64,65,Turkmenistan,Central and Eastern Europe,5.658,1.08017,0.44006,0.37408,0.22567,0.28467,5660000,2016,2379.075451,0.81255
65,66,Mauritius,Sub-Saharan Africa,5.648,1.14372,0.66189,0.46145,0.36951,0.05203,1260000,2016,1122.497216,1.03817
66,67,Libya,Middle East and Northern Africa,5.615,1.06688,0.52304,0.40672,0.17087,0.10339,6490000,2016,2547.547841,0.75695
67,68,Latvia,Central and Eastern Europe,5.56,1.21788,0.63952,0.27996,0.17445,0.0889,1970000,2016,1403.566885,0.95076
68,69,Cyprus,Western Europe,5.546,1.31857,0.8488,0.29507,0.27906,0.05228,1170000,2016,1081.665383,0.95025
69,70,Paraguay,Latin America and Caribbean,5.538,0.89373,0.58295,0.46235,0.25296,0.07396,6780000,2016,2603.843313,0.70697
70,71,Romania,Central and Eastern Europe,5.528,1.1697,0.67602,0.36712,0.12889,0.00679,19800000,2016,4449.719092,1.11111
71,72,Estonia,Central and Eastern Europe,5.517,1.27964,0.68098,0.41511,0.08423,0.18519,1320000,2016,1148.912529,0.72803
72,73,Jamaica,Latin America and Caribbean,5.51,0.89333,0.59469,0.43597,0.22245,0.04294,2910000,2016,1705.872211,1.05163
73,74,Croatia,Central and Eastern Europe,5.488,1.18649,0.70524,0.23907,0.18434,0.04002,4210000,2016,2051.828453,0.96372
75,76,Somalia,Sub-Saharan Africa,5.44,1.18649,0.11466,0.56778,0.27225,0.3118,14200000,2016,3768.288736,0.60809
77,78,Turkey,Middle East and Northern Africa,5.389,1.16492,0.64718,0.23889,0.04707,0.12348,79800000,2016,8933.084574,0.33613
78,79,Indonesia,Southeastern Asia,5.314,0.95104,0.49374,0.39237,0.56521,0.00322,262000000,2016,16186.41406,0.87717
79,80,Jordan,Middle East and Northern Africa,5.303,0.99673,0.60712,0.36023,0.14262,0.13297,9550000,2016,3090.307428,0.87625
80,81,Azerbaijan,Central and Eastern Europe,5.291,1.12373,0.54504,0.35327,0.0564,0.17914,9740000,2016,3120.897307,0.86216
81,82,Philippines,Southeastern Asia,5.279,0.81217,0.47036,0.54854,0.21674,0.11757,104000000,2016,10198.03903,0.76042
82,83,China,Eastern Asia,5.245,1.0278,0.73561,0.44012,0.04959,0.02745,1410000000,2016,37549.96671,0.87877
83,84,Bhutan,Southern Asia,5.196,0.8527,0.49759,0.46074,0.48546,0.1616,737000,2016,858.4870413,0.79381
85,86,Serbia,Central and Eastern Europe,5.177,1.03437,0.6458,0.15718,0.20737,0.04339,8850000,2016,2974.894956,0.90836
86,87,Bosnia and Herzegovina,Central and Eastern Europe,5.163,0.93383,0.70766,0.09511,0.29889,0.04339,3390000,2016,1841.195264,0.81329
87,88,Montenegro,Central and Eastern Europe,5.161,1.07838,0.63533,0.15111,0.17191,0.12721,627000,2016,791.8333158,0.64367
88,89,Dominican Republic,Latin America and Caribbean,5.155,1.02787,0.57669,0.52259,0.21286,0.12372,10400000,2016,3224.903099,0.74173
89,90,Morocco,Middle East and Northern Africa,5.151,0.84058,0.59471,0.25646,0.04053,0.08404,35100000,2016,5924.525297,0.99496
90,91,Hungary,Central and Eastern Europe,5.145,1.24142,0.67608,0.1977,0.099,0.04472,9750000,2016,3122.498999,0.38595
91,92,Pakistan,Southern Asia,5.132,0.68816,0.40306,0.14622,0.31185,0.1388,204000000,2016,14282.85686,0.93164
92,93,Lebanon,Middle East and Northern Africa,5.129,1.12268,0.76171,0.26228,0.23693,0.03061,6710000,2016,2590.366769,0.26135
93,94,Portugal,Western Europe,5.123,1.27607,0.79363,0.44727,0.11691,0.01521,10300000,2016,3209.361307,0.64184
94,95,Macedonia,Central and Eastern Europe,5.121,1.0193,0.64738,0.27668,0.23507,0.07047,2080000,2016,1442.22051,0.94367
95,96,Vietnam,Southeastern Asia,5.061,0.74037,0.66157,0.55954,0.25075,0.11556,93600000,2016,9674.709298,0.78236
97,98,Tunisia,Middle East and Northern Africa,5.045,0.97724,0.59577,0.23553,0.03936,0.0817,11300000,2016,3361.547263,0.79117
98,99,Greece,Western Europe,5.033,1.24886,0.80029,0.05822,0.03936,0.04127,10600000,2016,3255.764119,0.43165
99,100,Tajikistan,Central and Eastern Europe,4.996,0.48835,0.53119,0.43408,0.25998,0.13509,8660000,2016,2942.787794,0.75473
100,101,Mongolia,Eastern Asia,4.907,0.98853,0.55469,0.35972,0.34539,0.03285,3060000,2016,1749.285568,0.75602
101,102,Laos,Southeastern Asia,4.876,0.68042,0.38291,0.52168,0.43079,0.22423,6850000,2016,2617.250466,1.08983
102,103,Nigeria,Sub-Saharan Africa,4.875,0.75216,0.05108,0.27854,0.23219,0.0305,186000000,2016,13638.1817,0.5497
103,104,Honduras,Latin America and Caribbean,4.871,0.69429,0.58383,0.26755,0.2044,0.06906,9270000,2016,3044.66747,0.64498
104,105,Iran,Middle East and Northern Africa,4.813,1.11758,0.64232,0.22544,0.38538,0.0557,79600000,2016,8921.883209,0.75596
105,106,Zambia,Sub-Saharan Africa,4.795,0.61202,0.23573,0.42662,0.17866,0.11479,16400000,2016,4049.691346,0.38857
106,107,Nepal,Southern Asia,4.793,0.44626,0.50073,0.37012,0.3816,0.07008,27300000,2016,5224.940191,0.6376
107,108,Palestinian Territories,Middle East and Northern Africa,4.754,0.67024,0.56844,0.17744,0.11154,0.10613,4640000,2016,2154.065923,0.69699
108,109,Albania,Central and Eastern Europe,4.655,0.9553,0.73007,0.31866,0.1684,0.05301,2890000,2016,1700,0.71629
109,110,Bangladesh,Southern Asia,4.643,0.54177,0.52989,0.39778,0.19132,0.12583,158000000,2016,12569.80509,0.50163
110,111,Sierra Leone,Sub-Saharan Africa,4.635,0.36485,0.52989,0.30685,0.23897,0.08196,7330000,2016,2707.397274,0.24749
111,112,Iraq,Middle East and Northern Africa,4.575,1.07474,0.51076,0.24856,0.19589,0.13636,36600000,2016,6049.793385,0.628
112,113,Namibia,Sub-Saharan Africa,4.574,0.93287,0.34745,0.48614,0.07795,0.10398,2360000,2016,1536.22915,0.59205
113,114,Cameroon,Sub-Saharan Africa,4.513,0.52497,0.12698,0.42736,0.2268,0.06126,23900000,2016,4888.762625,0.70362
114,115,Ethiopia,Sub-Saharan Africa,4.508,0.29283,0.34578,0.36703,0.29522,0.1717,104000000,2016,10198.03903,0.62542
115,116,South Africa,Sub-Saharan Africa,4.459,1.02416,0.18611,0.42483,0.13656,0.08415,56200000,2016,7496.665926,0.37932
116,117,Sri Lanka,Southern Asia,4.415,0.97318,0.62007,0.50817,0.46978,0.07964,21000000,2016,4582.575695,0.96053
117,118,India,Southern Asia,4.404,0.74036,0.45091,0.40285,0.25028,0.08722,1320000000,2016,36331.80425,0.84783
118,119,Myanmar,Southeastern Asia,4.395,0.34112,0.3988,0.42692,0.81971,0.20243,53000000,2016,7280.109889,0.29247
119,120,Egypt,Middle East and Northern Africa,4.362,0.95395,0.52116,0.18847,0.12706,0.10393,94400000,2016,9715.966241,0.69981
120,121,Armenia,Central and Eastern Europe,4.36,0.86086,0.64083,0.14037,0.07793,0.03616,2940000,2016,1714.64282,0.49813
121,122,Kenya,Sub-Saharan Africa,4.356,0.52267,0.30147,0.40576,0.41328,0.06686,49100000,2016,7007.139217,0.62477
122,123,Ukraine,Central and Eastern Europe,4.324,0.87287,0.58628,0.12859,0.20363,0.01829,44700000,2016,6685.80586,0.7624
123,124,Ghana,Sub-Saharan Africa,4.276,0.63107,0.29681,0.40973,0.21203,0.0326,28500000,2016,5338.539126,1.01413
124,125,Congo (Kinshasa),Sub-Saharan Africa,4.272,0.05661,0.188,0.15602,0.25458,0.06075,78800000,2016,8876.936408,0.49353
125,126,Georgia,Central and Eastern Europe,4.252,0.83792,0.64035,0.32461,0.06786,0.3188,4020000,2016,2004.993766,0.80676
126,127,Congo (Brazzaville),Sub-Saharan Africa,4.236,0.77109,0.28212,0.37938,0.12077,0.09753,4980000,2016,2231.59136,0.19249
127,128,Senegal,Sub-Saharan Africa,4.219,0.44314,0.40457,0.31056,0.19103,0.11681,15000000,2016,3872.983346,0.47799
128,129,Bulgaria,Central and Eastern Europe,4.217,1.11306,0.67806,0.21219,0.12793,0.00615,7150000,2016,2673.948391,0.77416
129,130,Mauritania,Sub-Saharan Africa,4.201,0.61391,0.28639,0.1268,0.22686,0.17955,4160000,2016,2039.607805,0.92542
130,131,Zimbabwe,Sub-Saharan Africa,4.193,0.35041,0.1595,0.25429,0.18503,0.08582,14000000,2016,3741.657387,0.84142
131,132,Malawi,Sub-Saharan Africa,4.156,0.08709,0.29364,0.4143,0.30968,0.07564,17200000,2016,4147.288271,0.71478
132,133,Sudan,Sub-Saharan Africa,4.139,0.63069,0.29759,0.4143,0.18077,0.10039,39800000,2016,6308.724118,0.147
133,134,Gabon,Sub-Saharan Africa,4.121,1.15851,0.3494,0.28098,0.06244,0.09314,2010000,2016,1417.744688,0.81928
134,135,Mali,Sub-Saharan Africa,4.073,0.31292,0.16347,0.27544,0.21064,0.13647,18000000,2016,4242.640687,0.72368
135,136,Haiti,Latin America and Caribbean,4.028,0.34097,0.27494,0.12072,0.47958,0.14476,10800000,2016,3286.335345,0.86333
136,137,Botswana,Sub-Saharan Africa,3.974,1.09426,0.34752,0.44089,0.12425,0.10769,2160000,2016,1469.693846,0.29561
137,138,Comoros,Sub-Saharan Africa,3.956,0.27509,0.29981,0.15412,0.1827,0.18437,796000,2016,892.1883209,0.89186
138,139,Ivory Coast,Sub-Saharan Africa,3.916,0.55507,0.04476,0.40663,0.20338,0.1553,23800000,2016,4878.524367,0.60323
139,140,Cambodia,Southeastern Asia,3.907,0.55604,0.42494,0.58852,0.40339,0.08092,15800000,2016,3974.921383,0.57576
140,141,Angola,Sub-Saharan Africa,3.866,0.84731,0.04991,0.00589,0.12071,0.08434,28800000,2016,5366.563146,0.5375
141,142,Niger,Sub-Saharan Africa,3.856,0.1327,0.26162,0.38041,0.2097,0.17176,20800000,2016,4560.7017,0.66366
142,143,South Sudan,Sub-Saharan Africa,3.832,0.39394,0.15781,0.19662,0.25899,0.13015,10800000,2016,3286.335345,0.6053
143,144,Chad,Sub-Saharan Africa,3.763,0.42214,0.03824,0.12807,0.18667,0.04952,14600000,2016,3820.994635,0.18519
144,145,Burkina Faso,Sub-Saharan Africa,3.739,0.31995,0.21297,0.3337,0.24353,0.12533,18600000,2016,4312.771731,0.63178
145,145,Uganda,Sub-Saharan Africa,3.739,0.34719,0.19625,0.43653,0.27102,0.06442,39600000,2016,6292.853089,0.63054
146,147,Yemen,Middle East and Northern Africa,3.724,0.57939,0.31048,0.2287,0.09821,0.05892,27200000,2016,5215.361924,0.90981
147,148,Madagascar,Sub-Saharan Africa,3.695,0.27954,0.37109,0.13684,0.2204,0.07506,24900000,2016,4989.98998,0.47493
148,149,Tanzania,Sub-Saharan Africa,3.666,0.47155,0.357,0.3176,0.31472,0.05099,53000000,2016,7280.109889,0.46115
149,150,Liberia,Sub-Saharan Africa,3.622,0.10706,0.23165,0.25748,0.24063,0.04852,4590000,2016,2142.428529,0.77623
150,151,Guinea,Sub-Saharan Africa,3.607,0.22415,0.18829,0.30953,0.29914,0.1192,11700000,2016,3420.526275,0.50353
151,152,Rwanda,Sub-Saharan Africa,3.515,0.32846,0.31865,0.5432,0.23552,0.50521,11700000,2016,3420.526275,0.3109
152,153,Benin,Sub-Saharan Africa,3.484,0.39499,0.21028,0.39747,0.2018,0.06681,10900000,2016,3301.514804,0.61586
153,154,Afghanistan,Southern Asia,3.36,0.38227,0.17344,0.1643,0.31268,0.07112,35400000,2016,5949.789912,0.10419
154,155,Togo,Sub-Saharan Africa,3.303,0.28123,0.24811,0.34678,0.17517,0.11587,7510000,2016,2740.437921,0.11037
155,156,Syria,Middle East and Northern Africa,3.069,0.74719,0.62994,0.06912,0.48397,0.17233,17500000,2016,4183.300133,0
156,157,Burundi,Sub-Saharan Africa,2.905,0.06831,0.15747,0.0432,0.2029,0.09419,10500000,2016,3240.370349,0.14866
,1,Norway,Western Europe,7.537000179,1.616463184,0.796666503,0.6354225874,0.3620122373,0.3159638345,5300000,2017,2302.172887,0.23442
1,2,Denmark,Western Europe,7.521999836,1.482383013,0.7925655246,0.6260067225,0.3552804887,0.4007700682,5730000,2017,2393.741841,1.53352356
2,3,Iceland,Western Europe,7.504000187,1.48063302,0.8335521221,0.6271626353,0.4755402207,0.1535265595,334000,2017,577.9273311,1.551121593
3,4,Switzerland,Western Europe,7.493999958,1.564979553,0.8581312895,0.6200705767,0.2905492783,0.3670072854,8460000,2017,2908.607914,1.610574007
4,5,Finland,Western Europe,7.468999863,1.443571925,0.8091576695,0.6179508567,0.2454827726,0.3826115429,5510000,2017,2347.338919,1.516911745
5,6,Netherlands,Western Europe,7.376999855,1.503944635,0.810696125,0.5853844881,0.4704898298,0.2826618254,17000000,2017,4123.105626,1.540246725
6,7,Canada,North America,7.315999985,1.479204416,0.8345576525,0.6111009121,0.4355397224,0.2873715162,36700000,2017,6058.052492,1.428939223
7,8,New Zealand,Australia and New Zealand,7.31400013,1.405706048,0.8167597055,0.6140621305,0.500005126,0.3828167021,4700000,2017,2167.948339,1.481348991
8,9,Sweden,Western Europe,7.28399992,1.494387269,0.8308751583,0.612924099,0.3853992522,0.3843987286,9900000,2017,3146.426545,1.548195124
9,10,Australia,Australia and New Zealand,7.28399992,1.484414935,0.8438867927,0.6016073823,0.47769925,0.3011837304,24600000,2017,4959.838707,1.478162169
10,11,Israel,Middle East and Northern Africa,7.212999821,1.375382423,0.8384039998,0.4059886038,0.330082655,0.08524210006,8240000,2017,2870.540019,1.510041952
11,12,Costa Rica,Latin America and Caribbean,7.078999996,1.109706283,0.7595092654,0.58013165,0.214613229,0.1001065895,4950000,2017,2224.859546,1.376289964
12,13,Austria,Western Europe,7.006000042,1.487097263,0.8153284192,0.5677661896,0.3164723217,0.2210603654,8820000,2017,2969.848481,1.416403651
13,14,United States,North America,6.993000031,1.546259284,0.7742866278,0.5057405233,0.3925787807,0.1356387883,325000000,2017,18027.75638,1.459944963
14,15,Ireland,Western Europe,6.977000237,1.535706639,0.8097826242,0.573110342,0.4278583229,0.2983881533,4750000,2017,2179.449472,1.419920564
15,16,Germany,Western Europe,6.951000214,1.487923384,0.7989507318,0.5625113845,0.33626917,0.2767319381,82700000,2017,9093.954036,1.558231115
16,17,Belgium,Western Europe,6.890999794,1.463780761,0.8180918694,0.5397707224,0.2315033376,0.2513431311,11400000,2017,3376.388603,1.472520351
17,18,Luxembourg,Western Europe,6.862999916,1.741943598,0.8450894952,0.5966278911,0.2831809819,0.318834424,592000,2017,769.4153625,1.462312698
18,19,United Kingdom,Western Europe,6.714000225,1.44163394,0.8053359389,0.5081900358,0.4927741587,0.2654280663,66700000,2017,8167.006796,1.457583666
19,20,Chile,Latin America and Caribbean,6.65199995,1.25278461,0.8194797039,0.3768952787,0.3266624212,0.08228798211,18500000,2017,4301.162634,1.49646008
20,21,United Arab Emirates,Middle East and Northern Africa,6.647999763,1.626343369,0.7267982364,0.6083452702,0.3609419465,0.3244895637,9490000,2017,3080.58436,1.284024954
21,22,Brazil,Latin America and Caribbean,6.635000229,1.10735321,0.6165523529,0.4374537468,0.1623498946,0.1110927612,208000000,2017,14422.2051,1.266410232
22,23,Czech Republic,Central and Eastern Europe,6.609000206,1.352682352,0.7544440031,0.4909461737,0.08810675889,0.0368729271,10600000,2017,3255.764119,1.431306005
23,24,Argentina,Latin America and Caribbean,6.598999977,1.185295463,0.6951370835,0.4945192039,0.1094570607,0.05973988771,43900000,2017,6625.707509,1.433885217
24,25,Mexico,Latin America and Caribbean,6.578000069,1.153183818,0.7099789977,0.4127300084,0.1209904328,0.1327741146,125000000,2017,11180.33989,1.440451145
25,26,Singapore,Southeastern Asia,6.572000027,1.69227767,0.9494923949,0.5498405695,0.3459659815,0.464307785,5710000,2017,2389.560629,1.21086216
26,27,Malta,Western Europe,6.52699995,1.343279839,0.8219442368,0.5887670517,0.5747305751,0.1530660689,438000,2017,661.8156843,1.353814363
27,28,Uruguay,Latin America and Caribbean,6.453999996,1.217559695,0.7192168236,0.5793922544,0.1750969291,0.1780618727,3440000,2017,1854.723699,1.488411665
28,29,Guatemala,Latin America and Caribbean,6.453999996,0.872001946,0.5402399898,0.5313106179,0.2834883928,0.07722327858,16900000,2017,4110.960958,1.412227869
29,30,Panama,Latin America and Caribbean,6.452000141,1.233748436,0.7061561346,0.550026834,0.2105569392,0.07098392397,4110000,2017,2027.313493,1.255585194
30,31,France,Western Europe,6.441999912,1.430923462,0.8444658518,0.4702221155,0.1297623068,0.1725024283,64800000,2017,8049.844719,1.373192549
31,32,Thailand,Southeastern Asia,6.423999786,1.127868772,0.6472390294,0.5802007318,0.5721231103,0.03161273524,69200000,2017,8318.653737,1.387776852
33,34,Spain,Western Europe,6.402999878,1.384397864,0.8889605999,0.4087812304,0.1901335716,0.07091409713,46600000,2017,6826.419266,1.425792456
34,35,Qatar,Middle East and Northern Africa,6.375,1.870765686,0.7100980878,0.6041309834,0.33047387,0.4392992556,2720000,2017,1649.24225,1.532090902
35,36,Colombia,Latin America and Caribbean,6.356999874,1.070622325,0.5950279236,0.4774874151,0.149014473,0.04666874185,48900000,2017,6992.853495,1.27429688
36,37,Saudi Arabia,Middle East and Northern Africa,6.343999863,1.530623555,0.5901483297,0.4497505724,0.1476160139,0.2734322548,33100000,2017,5753.259945,1.402182937
37,38,Trinidad and Tobago,Latin America and Caribbean,6.168000221,1.361355901,0.5199832916,0.518630743,0.3252964616,0.008964816108,1380000,2017,1174.734012,1.286677599
38,39,Kuwait,Middle East and Northern Africa,6.105000019,1.632952452,0.6321057081,0.4963375926,0.2282897979,0.2151595503,4060000,2017,2014.944168,1.380228519
39,40,Slovakia,Central and Eastern Europe,6.09800005,1.325393558,0.7127329111,0.2958174646,0.1365444809,0.02421085164,5450000,2017,2334.523506,1.259698749
40,41,Bahrain,Middle East and Northern Africa,6.086999893,1.488412261,0.6531330347,0.5367469192,0.1726684868,0.2570421696,1490000,2017,1220.655562,1.505059242
41,42,Malaysia,Southeastern Asia,6.084000111,1.29121542,0.6187844276,0.4022649825,0.4166089296,0.06560070813,31100000,2017,5576.737397,1.323110461
42,43,Nicaragua,Latin America and Caribbean,6.071000099,0.7372992039,0.6530959606,0.4475518465,0.301674217,0.1306879818,6380000,2017,2525.866188,1.284646034
43,44,Ecuador,Latin America and Caribbean,6.007999897,1.000820398,0.6856362224,0.4551981986,0.150112465,0.1401346475,16800000,2017,4098.780306,1.28721571
44,45,El Salvador,Latin America and Caribbean,6.002999783,0.9097844958,0.5960185528,0.4324525297,0.07825798541,0.08998095989,6390000,2017,2527.844932,1.286168814
45,46,Poland,Central and Eastern Europe,5.97300005,1.291787863,0.699475348,0.5203421116,0.1584659666,0.05930780619,38000000,2017,6164.414003,1.182125092
46,47,Uzbekistan,Central and Eastern Europe,5.971000195,0.7864410877,0.4982726276,0.6582486629,0.4159836471,0.2465282232,32000000,2017,5656.854249,1.44571197
47,48,Italy,Western Europe,5.964000225,1.395066619,0.8531443477,0.2564507127,0.1727896482,0.02802809142,60700000,2017,7791.020472,1.54896915
48,49,Russia,Central and Eastern Europe,5.962999821,1.281778097,0.5473493338,0.3737831116,0.05226382241,0.03296288103,146000000,2017,12083.04597,1.444923282
49,50,Belize,Latin America and Caribbean,5.955999851,0.907975316,0.450191766,0.5475093722,0.2400156409,0.09658107162,376000,2017,613.1883887,1.469282389
50,51,Japan,Eastern Asia,5.920000076,1.416915178,0.9134758711,0.505625546,0.1205727682,0.1637607366,128000000,2017,11313.7085,1.081417799
51,52,Lithuania,Central and Eastern Europe,5.90199995,1.314582348,0.6289499402,0.2342317849,0.01016465668,0.01186564285,2850000,2017,1688.194302,1.436337829
52,53,Algeria,Middle East and Northern Africa,5.872000217,1.091864467,0.6175846457,0.2333358079,0.069436647,0.1460961103,41400000,2017,6434.283177,1.473516107
53,54,Latvia,Central and Eastern Europe,5.849999905,1.260748625,0.6385669708,0.3257079124,0.1530747861,0.07384272665,1950000,2017,1396.424004,1.146217465
54,55,South Korea,Eastern Asia,5.837999821,1.401678443,0.900214076,0.2579216659,0.2066743672,0.06328266859,51100000,2017,7148.4264,1.404714942
55,56,Moldova,Central and Eastern Europe,5.837999821,0.7288706303,0.5894652009,0.2407290488,0.2087791264,0.01009128615,4060000,2017,2014.944168,1.128274441
56,57,Romania,Central and Eastern Europe,5.824999809,1.217683911,0.6851583123,0.4570037425,0.1335199177,0.004387900699,19700000,2017,4438.468204,1.251825571
57,58,Bolivia,Latin America and Caribbean,5.822999954,0.833756566,0.4736302495,0.5587329268,0.2255607247,0.06047772616,11200000,2017,3346.640106,1.15009129
58,59,Turkmenistan,Central and Eastern Europe,5.822000027,1.130776763,0.4377260804,0.418271929,0.2499249876,0.2592703402,5760000,2017,2400,1.227619052
59,60,Kazakhstan,Central and Eastern Europe,5.818999767,1.28455627,0.6060415506,0.4374542832,0.2019644231,0.1192828864,18100000,2017,4254.409477,1.493149161
61,62,Slovenia,Central and Eastern Europe,5.757999897,1.341205955,0.790828228,0.5725758076,0.2426490933,0.04512897879,2080000,2017,1442.22051,1.384369016
62,63,Peru,Latin America and Caribbean,5.715000153,1.035225272,0.6301661134,0.4500028789,0.1268197149,0.04704908654,31400000,2017,5603.57029,1.452518821
63,64,Mauritius,Sub-Saharan Africa,5.629000187,1.189395547,0.638007462,0.4912473261,0.3609337509,0.04218155518,1260000,2017,1122.497216,1.218770385
64,65,Cyprus,Western Europe,5.620999813,1.355938077,0.8447147012,0.3551115394,0.2712543011,0.0412379764,1180000,2017,1086.278049,1.20956099
65,66,Estonia,Central and Eastern Europe,5.611000061,1.32087934,0.6951683164,0.4791314304,0.0988908112,0.1832489222,1320000,2017,1148.912529,1.131363273
66,67,Belarus,Central and Eastern Europe,5.568999767,1.15655756,0.6377142668,0.2954002619,0.1551375091,0.1563138217,9450000,2017,3074.08523,1.4766711
67,68,Libya,Middle East and Northern Africa,5.525000095,1.101803064,0.5201690197,0.4657332301,0.1520736665,0.09261021018,6580000,2017,2565.151068,1.444945216
68,69,Turkey,Middle East and Northern Africa,5.5,1.198274374,0.6376056075,0.3007405996,0.04669304192,0.0996715799,81100000,2017,9005.553842,1.35756433
69,70,Paraguay,Latin America and Caribbean,5.493000031,0.9325373173,0.5792506933,0.4735077918,0.2241506577,0.09106591344,6870000,2017,2621.068484,1.337753177
71,72,Philippines,Southeastern Asia,5.429999828,0.8576992154,0.4680090547,0.5852146745,0.1935134232,0.09933189303,105000000,2017,10246.95077,1.50728488
72,73,Serbia,Central and Eastern Europe,5.394999981,1.069317579,0.6507846713,0.2087155282,0.2201258838,0.04090378061,8830000,2017,2971.531592,1.253917575
73,74,Jordan,Middle East and Northern Africa,5.335999966,0.9910123944,0.6045900583,0.4184211493,0.1721704602,0.1198032722,9790000,2017,3128.897569,1.258189797
74,75,Hungary,Central and Eastern Europe,5.323999882,1.286011934,0.6877634525,0.1758635193,0.07840166241,0.03663693741,9730000,2017,3119.294792,1.239088893
75,76,Jamaica,Latin America and Caribbean,5.31099987,0.9255793095,0.6410223842,0.4743072391,0.2338183373,0.05526778102,2920000,2017,1708.800749,1.343133092
76,77,Croatia,Central and Eastern Europe,5.293000221,1.222556233,0.7012885213,0.2557722926,0.2480029762,0.04310311005,4180000,2017,2044.50483,1.368218064
78,79,China,Eastern Asia,5.272999763,1.081165791,0.7414155006,0.472787708,0.028806841,0.02279427461,1420000000,2017,37682.88736,0.9679830074
79,80,Pakistan,Southern Asia,5.269000053,0.7268835306,0.4020477831,0.2352152616,0.3154460192,0.1243480667,208000000,2017,14422.2051,1.160837412
80,81,Indonesia,Southeastern Asia,5.262000084,0.9955385923,0.4923457205,0.4433234632,0.6117045879,0.01531713549,265000000,2017,16278.8206,0.6726906896
81,82,Venezuela,Latin America and Caribbean,5.25,1.128431201,0.617144227,0.1539971232,0.0650196299,0.06449112296,29400000,2017,5422.176685,1.274444699
82,83,Montenegro,Central and Eastern Europe,5.236999989,1.121129036,0.6674646735,0.1949890554,0.1979110241,0.0881741941,628000,2017,792.4645102,1.431337595
83,84,Morocco,Middle East and Northern Africa,5.235000134,0.8781145811,0.597710669,0.4081583321,0.03220995516,0.08776318282,35600000,2017,5966.573556,1.238376498
84,85,Azerbaijan,Central and Eastern Europe,5.234000206,1.153601766,0.5407757759,0.3981558383,0.04526934028,0.1809875071,9850000,2017,3138.470965,0.7748644352
85,86,Dominican Republic,Latin America and Caribbean,5.230000019,1.079373837,0.5748737454,0.5525898337,0.1869678497,0.1139452532,10500000,2017,3240.370349,1.152400255
86,87,Greece,Western Europe,5.227000237,1.289487481,0.8101989031,0.09573125094,0.1869678497,0.04328977689,10600000,2017,3255.764119,1.402416706
87,88,Lebanon,Middle East and Northern Africa,5.224999905,1.074987531,0.7350810766,0.288515985,0.2644507587,0.03751382977,6820000,2017,2611.512971,1.239414573
88,89,Portugal,Western Europe,5.195000172,1.315175295,0.7958435416,0.4984652996,0.09510271251,0.01586945169,10300000,2017,3209.361307,1.129624248
89,90,Bosnia and Herzegovina,Central and Eastern Europe,5.18200016,0.9824094176,0.7051863074,0.2044031769,0.3288674951,0.01586945169,3350000,2017,1830.300522,1.367043018
90,91,Honduras,Latin America and Caribbean,5.181000233,0.7305731177,0.5825694799,0.3480798602,0.2361888736,0.07334545255,9430000,2017,3070.830507,1.069335938
91,92,Macedonia,Central and Eastern Europe,5.175000191,1.064577937,0.6449481845,0.3259059787,0.2537609637,0.06027779356,2080000,2017,1442.22051,1.143944979
92,93,Somalia,Sub-Saharan Africa,5.151000023,0.02264318429,0.1139891371,0.602126956,0.2916313112,0.2824103236,14600000,2017,3820.994635,1.207893014
93,94,Vietnam,Southeastern Asia,5.073999882,0.7885475755,0.6521689892,0.5710555911,0.2349680513,0.08763323724,94600000,2017,9726.253133,0.7211513519
94,95,Nigeria,Sub-Saharan Africa,5.073999882,0.7837562561,0.05691573024,0.3949525654,0.2309471965,0.02612156607,191000000,2017,13820.27496,1.277491331
95,96,Tajikistan,Central and Eastern Europe,5.040999889,0.5247136354,0.5292351246,0.4715667069,0.2489976436,0.1463771462,8880000,2017,2979.932885,1.215770483
96,97,Bhutan,Southern Asia,5.011000156,0.8854163885,0.4958792925,0.5015376806,0.4740545452,0.1733803898,746000,2017,863.7129153,1.271463275
98,99,Nepal,Southern Asia,4.961999893,0.4798201919,0.5041307807,0.4403059483,0.3940961659,0.07297554612,27600000,2017,5253.570215,1.340126514
99,100,Mongolia,Eastern Asia,4.954999924,1.027235866,0.5577834845,0.3941439688,0.3384642303,0.03290228918,3110000,2017,1763.519209,1.179283261
100,101,South Africa,Sub-Saharan Africa,4.828999996,1.054698706,0.1870800704,0.4792467356,0.1393623799,0.0725094974,57000000,2017,7549.834435,1.493011236
101,102,Tunisia,Middle East and Northern Africa,4.804999828,1.007265806,0.613212049,0.2896806896,0.0496933572,0.08672314882,11400000,2017,3376.388603,1.384788632
102,103,Palestinian Territories,Middle East and Northern Africa,4.775000095,0.7162492275,0.5656669736,0.2547110617,0.1141731739,0.08928260207,4750000,2017,2179.449472,0.8683514595
103,104,Egypt,Middle East and Northern Africa,4.735000134,0.9897018075,0.5201872587,0.2821101546,0.1286314428,0.1143813655,96400000,2017,9818.350167,1.155647159
104,105,Bulgaria,Central and Eastern Europe,4.714000225,1.161459088,0.7082176805,0.2892317176,0.1131776944,0.01105153095,7100000,2017,2664.582519,0.9974713922
105,106,Sierra Leone,Sub-Saharan Africa,4.709000111,0.3684209287,0.005564753897,0.318697691,0.2930409014,0.07109517604,7490000,2017,2736.786437,1.434379458
106,107,Cameroon,Sub-Saharan Africa,4.695000172,0.5643053651,0.1328921169,0.4303887486,0.2362984568,0.05130663142,24600000,2017,4959.838707,0.984136045
107,108,Iran,Middle East and Northern Africa,4.691999912,1.156873107,0.6393331885,0.2493226081,0.3872429132,0.0487610735,80700000,2017,8983.317873,0.946018219
108,109,Albania,Central and Eastern Europe,4.644000053,0.9961927533,0.7311597466,0.3814986348,0.2013129443,0.039864216,2880000,2017,1697.056275,0.711551249
109,110,Bangladesh,Southern Asia,4.607999802,0.5866829753,0.5332410336,0.4783566594,0.1722553521,0.1237178594,160000000,2017,12649.11064,0.8036852479
110,111,Namibia,Sub-Saharan Africa,4.573999882,0.9644343257,0.3386118114,0.5203035474,0.07713374496,0.09314697236,2400000,2017,1549.193338,0.7351317406
111,112,Kenya,Sub-Saharan Africa,4.552999973,0.5604794621,0.3099883497,0.4527637661,0.4448603094,0.06464131922,50200000,2017,7085.195834,1.098470807
112,113,Mozambique,Sub-Saharan Africa,4.550000191,0.23430565,0.1066544354,0.4807910919,0.3222281039,0.1794363856,28600000,2017,5347.896783,1.067950726
113,114,Myanmar,Southeastern Asia,4.545000076,0.3671105504,0.3975225687,0.5144920349,0.838075161,0.1888162047,53400000,2017,7307.530363,0.870701015
114,115,Senegal,Sub-Saharan Africa,4.534999847,0.4793090224,0.4093628526,0.3779222667,0.1834688932,0.115460448,15400000,2017,3924.283374,1.123235941
115,116,Zambia,Sub-Saharan Africa,4.513999939,0.6364067793,0.2578358948,0.4616034925,0.2495801449,0.07821355015,16900000,2017,4110.960958,1.179691911
116,117,Iraq,Middle East and Northern Africa,4.497000217,1.102710485,0.50118047,0.2885555327,0.199637264,0.1072157547,37600000,2017,6131.883887,1.003187299
117,118,Gabon,Sub-Saharan Africa,4.465000153,1.198210239,0.3565785885,0.312328577,0.04378537834,0.0760467872,2060000,2017,1435.270009,0.9786131978
118,119,Ethiopia,Sub-Saharan Africa,4.460000038,0.3392338455,0.3534097075,0.4088427424,0.3126507401,0.1654557139,106000000,2017,10295.63014,1.155620217
119,120,Sri Lanka,Southern Asia,4.440000057,1.009850144,0.6251308322,0.5612132549,0.4908635616,0.07365396619,21100000,2017,4593.473631,0.8646692038
120,121,Armenia,Central and Eastern Europe,4.375999928,0.9005967379,0.637524426,0.1983032674,0.08348809183,0.0266744215,2940000,2017,1714.64282,1.259976387
121,122,India,Southern Asia,4.315000057,0.7922212481,0.4554276168,0.469987005,0.2315384895,0.09222688526,1340000000,2017,36606.01044,1.007483721
122,123,Mauritania,Sub-Saharan Africa,4.291999817,0.6484572887,0.2853492796,0.09609804302,0.2018700242,0.1369570047,4280000,2017,2068.816087,0.7543725967
123,124,Congo (Brazzaville),Sub-Saharan Africa,4.290999889,0.8089642525,0.2899574339,0.4350258708,0.1208521277,0.0796181336,5110000,2017,2260.530911,1.27203083
124,125,Georgia,Central and Eastern Europe,4.285999775,0.9506126642,0.6495469809,0.3094100356,0.05400881544,0.2516666353,4010000,2017,2002.498439,0.832044363
125,126,Congo (Kinshasa),Sub-Saharan Africa,4.28000021,0.0921023488,0.1914070249,0.2359613478,0.2464558333,0.06024135649,81400000,2017,9022.194855,0.570614934
126,127,Mali,Sub-Saharan Africa,4.190000057,0.4761804938,0.1693656743,0.3066137433,0.1833541989,0.1049702466,18500000,2017,4301.162634,1.229023457
127,128,Ivory Coast,Sub-Saharan Africa,4.179999828,0.6030489206,0.04864216968,0.4477061927,0.2012374699,0.1300617754,24400000,2017,4939.635614,1.281473398
128,129,Cambodia,Southeastern Asia,4.168000221,0.6017650962,0.4297834039,0.6333758235,0.3859229684,0.06810595095,16000000,2017,4000,0.9047800303
129,130,Sudan,Sub-Saharan Africa,4.138999939,0.6595166922,0.2909208238,0.01499585528,0.1823174506,0.08984751999,40800000,2017,6387.487769,1.006238341
130,131,Ghana,Sub-Saharan Africa,4.119999886,0.6672248244,0.2956377268,0.4230262935,0.2569239438,0.02533636987,29100000,2017,5394.441584,1.21400857
131,132,Ukraine,Central and Eastern Europe,4.096000195,0.8946519494,0.5759039521,0.1229747757,0.2700614631,0.02302947082,44500000,2017,6670.832032,0.8736647367
132,133,Uganda,Sub-Saharan Africa,4.080999851,0.3814307153,0.2176326066,0.4431859553,0.3257660568,0.05706971884,41200000,2017,6418.722614,1.394537568
133,134,Burkina Faso,Sub-Saharan Africa,4.032000065,0.3502277136,0.2158442587,0.324367851,0.2508646846,0.120328106,19200000,2017,4381.78046,1.129827738
134,135,Niger,Sub-Saharan Africa,4.027999878,0.1619253308,0.268505007,0.3636586964,0.2286738455,0.1385729462,21600000,2017,4647.580015,1.043280005
135,136,Malawi,Sub-Saharan Africa,3.970000029,0.2334420383,0.3150895834,0.4669146538,0.2871704698,0.07271165401,17700000,2017,4207.136794,0.9930250049
136,137,Chad,Sub-Saharan Africa,3.936000109,0.4380129874,0.04113471508,0.1623420268,0.2161138505,0.05358188227,15000000,2017,3872.983346,0.5125688314
137,138,Zimbabwe,Sub-Saharan Africa,3.875,0.375846535,0.1967637539,0.336384207,0.1891434938,0.09537538141,14200000,2017,3768.288736,0.9538558722
138,139,Lesotho,Sub-Saharan Africa,3.808000088,0.5210212469,0.1967637539,0.3906612992,0.1574972719,0.11909464,2090000,2017,1445.683229,1.083095908
139,140,Angola,Sub-Saharan Africa,3.795000076,0.8584281802,0.04986866564,0.3906612992,0.09792649001,0.0697203353,29800000,2017,5458.937626,1.190095186
140,141,Afghanistan,Southern Asia,3.79399991,0.4014772177,0.1807467788,0.1061795205,0.3118709326,0.06115783006,36300000,2017,6024.948133,1.10441196
141,142,Botswana,Sub-Saharan Africa,3.766000032,1.122094154,0.3417555094,0.5051963329,0.09934844822,0.09858319908,2210000,2017,1486.606875,0.5815433264
142,143,Benin,Sub-Saharan Africa,3.657000065,0.4310854077,0.2099302113,0.4259627759,0.2079484612,0.06092901528,11200000,2017,3346.640106,1.221554995
143,144,Madagascar,Sub-Saharan Africa,3.644000053,0.3058086932,0.3752233088,0.1891967654,0.2087325305,0.0672319755,25600000,2017,5059.644256,0.4352998435
144,145,Haiti,Latin America and Caribbean,3.602999926,0.3686102629,0.27732113,0.03036985733,0.4892037809,0.09987214953,11000000,2017,3316.62479,0.9130203724
145,146,Yemen,Middle East and Northern Africa,3.592999935,0.5916834474,0.3100809157,0.2494637221,0.1041252092,0.05676742271,27800000,2017,5272.570531,0.6404498219
146,147,South Sudan,Sub-Saharan Africa,3.59100008,0.3972486258,0.1634860039,0.1470624357,0.2856708169,0.1167935133,10900000,2017,3301.514804,0.935382247
147,148,Liberia,Sub-Saharan Africa,3.532999992,0.119041793,0.2299181968,0.3328811824,0.2665498853,0.03894824907,4700000,2017,2167.948339,0.6013231277
148,149,Guinea,Sub-Saharan Africa,3.506999969,0.2445499301,0.1941291392,0.348587513,0.2648150921,0.1109376177,12100000,2017,3478.505426,0.8721179366
149,150,Togo,Sub-Saharan Africa,3.494999886,0.3054447174,0.2471055686,0.3804261386,0.1968961507,0.09566501528,7700000,2017,2774.887385,0.7912446856
150,151,Rwanda,Sub-Saharan Africa,3.470999956,0.3687458932,0.3264248073,0.581843853,0.2527560294,0.4552200139,12000000,2017,3464.101615,0.4318825305
151,152,Syria,Middle East and Northern Africa,3.461999893,0.7771531343,0.5005333424,0.08153944463,0.4936637282,0.1513471305,17100000,2017,4135.214626,0.9457070231
152,153,Tanzania,Sub-Saharan Africa,3.348999977,0.5111358762,0.3645092845,0.3900177777,0.3542563617,0.06603510678,54700000,2017,7395.944835,0.3961026073
153,154,Burundi,Sub-Saharan Africa,2.904999971,0.09162256867,0.1516107917,0.0599007532,0.2044351846,0.08414794505,10800000,2017,3286.335345,1.041989803
154,155,Central African Republic,Sub-Saharan Africa,2.693000078,0.09162256867,0.0187726859,0.2708420455,0.2808764875,0.05656507611,4600000,2017,2144.761059,0.6297935843
,1,Finland,Western Europe,7.632,1.305,0.874,0.681,0.202,0.393,5520000,2018,2349.468025,0
1,2,Norway,Western Europe,7.594,1.456,0.861,0.686,0.286,0.34,5340000,2018,2310.844002,1.592
2,3,Denmark,Western Europe,7.555,1.351,0.868,0.683,0.284,0.408,5750000,2018,2397.915762,1.582
3,4,Iceland,Western Europe,7.495,1.343,0.914,0.677,0.353,0.138,337000,2018,580.5170109,1.59
4,5,Switzerland,Western Europe,7.487,1.42,0.927,0.66,0.256,0.357,8530000,2018,2920.616373,1.644
5,6,Netherlands,Western Europe,7.441,1.361,0.878,0.638,0.333,0.295,17100000,2018,4135.214626,1.549
6,7,Canada,North America,7.328,1.33,0.896,0.653,0.321,0.291,37100000,2018,6090.976933,1.488
7,8,New Zealand,Australia and New Zealand,7.324,1.268,0.876,0.669,0.365,0.389,4740000,2018,2177.154106,1.532
8,9,Sweden,Western Europe,7.314,1.355,0.913,0.659,0.285,0.383,9970000,2018,3157.530681,1.601
9,10,Australia,Australia and New Zealand,7.272,1.34,0.91,0.647,0.361,0.302,24900000,2018,4989.98998,1.501
10,11,United Kingdom,Western Europe,7.19,1.244,0.888,0.464,0.262,0.082,67100000,2018,8191.458967,1.573
11,12,Austria,Western Europe,7.139,1.341,0.891,0.617,0.242,0.224,8890000,2018,2981.610303,1.433
12,13,Costa Rica,Latin America and Caribbean,7.072,1.01,0.817,0.632,0.143,0.101,5000000,2018,2236.067977,1.504
13,14,Ireland,Western Europe,6.977,1.448,0.876,0.614,0.307,0.306,4820000,2018,2195.44984,1.459
14,15,Germany,Western Europe,6.965,1.34,0.861,0.586,0.273,0.28,83100000,2018,9115.92014,1.583
15,16,Belgium,Western Europe,6.927,1.324,0.894,0.583,0.188,0.24,11500000,2018,3391.164992,1.474
16,17,Luxembourg,Western Europe,6.91,1.576,0.896,0.632,0.196,0.321,604000,2018,777.1743691,1.483
17,18,United States,North America,6.886,1.398,0.819,0.547,0.291,0.133,327000000,2018,18083.14132,1.52
18,19,Israel,Middle East and Northern Africa,6.814,1.301,0.883,0.533,0.354,0.272,8380000,2018,2894.822965,1.471
20,21,Czech Republic,Central and Eastern Europe,6.711,1.233,0.854,0.543,0.064,0.034,10700000,2018,3271.085447,1.559
21,22,Malta,Western Europe,6.627,1.27,0.884,0.645,0.376,0.142,439000,2018,662.5707509,1.489
22,23,France,Western Europe,6.489,1.293,0.908,0.52,0.098,0.176,65000000,2018,8062.257748,1.525
23,24,Mexico,Latin America and Caribbean,6.488,1.038,0.761,0.479,0.069,0.095,126000000,2018,11224.97216,1.466
24,25,Chile,Latin America and Caribbean,6.476,1.131,0.808,0.431,0.197,0.061,18700000,2018,4324.349662,1.252
26,27,Panama,Latin America and Caribbean,6.43,1.112,0.759,0.597,0.125,0.063,4180000,2018,2044.50483,1.331
27,28,Brazil,Latin America and Caribbean,6.419,0.986,0.675,0.493,0.11,0.088,209000000,2018,14456.83229,1.438
28,29,Argentina,Latin America and Caribbean,6.388,1.073,0.744,0.57,0.062,0.054,44400000,2018,6663.3325,1.474
29,30,Guatemala,Latin America and Caribbean,6.382,0.781,0.608,0.604,0.179,0.071,17200000,2018,4147.288271,1.468
30,31,Uruguay,Latin America and Caribbean,6.379,1.093,0.771,0.625,0.13,0.155,3450000,2018,1857.417562,1.268
31,32,Qatar,Middle East and Northern Africa,6.374,1.649,0.748,0.654,0.256,0.171,2780000,2018,1667.3332,1.459
32,33,Saudi Arabia,Middle East and Northern Africa,6.371,1.379,0.633,0.509,0.098,0.127,33700000,2018,5805.170109,1.303
33,34,Singapore,Southeastern Asia,6.343,1.529,1.008,0.631,0.261,0.457,5760000,2018,2400,1.331
34,35,Malaysia,Southeastern Asia,6.322,1.161,0.669,0.356,0.311,0.059,31500000,2018,5612.48608,1.451
35,36,Spain,Western Europe,6.31,1.251,0.965,0.449,0.142,0.074,46700000,2018,6833.739825,1.258
36,37,Colombia,Latin America and Caribbean,6.26,0.96,0.635,0.531,0.099,0.039,49700000,2018,7049.822693,1.538
37,38,Trinidad and Tobago,Latin America and Caribbean,6.192,1.223,0.564,0.575,0.171,0.019,1390000,2018,1178.982612,1.439
38,39,Slovakia,Central and Eastern Europe,6.173,1.21,0.776,0.354,0.118,0.014,5450000,2018,2334.523506,1.492
39,40,El Salvador,Latin America and Caribbean,6.167,0.806,0.639,0.461,0.065,0.082,6420000,2018,2533.771892,1.537
40,41,Nicaragua,Latin America and Caribbean,6.141,0.668,0.7,0.527,0.208,0.128,6470000,2018,2543.619468,1.231
41,42,Poland,Central and Eastern Europe,6.123,1.176,0.781,0.546,0.108,0.064,37900000,2018,6156.297589,1.319
42,43,Bahrain,Middle East and Northern Africa,6.105,1.338,0.698,0.594,0.243,0.123,1570000,2018,1252.996409,1.448
43,44,Uzbekistan,Central and Eastern Europe,6.096,0.719,0.605,0.724,0.328,0.259,32500000,2018,5700.877125,1.366
44,45,Kuwait,Middle East and Northern Africa,6.083,1.474,0.675,0.554,0.167,0.106,4140000,2018,2034.698995,1.584
45,46,Thailand,Southeastern Asia,6.072,1.016,0.707,0.637,0.364,0.029,69400000,2018,8330.66624,1.301
46,47,Italy,Western Europe,6,1.264,0.946,0.281,0.137,0.028,60600000,2018,7784.600182,1.417
47,48,Ecuador,Latin America and Caribbean,5.973,0.889,0.736,0.556,0.114,0.12,17100000,2018,4135.214626,1.501
48,49,Belize,Latin America and Caribbean,5.956,0.807,0.474,0.593,0.183,0.089,383000,2018,618.8699379,1.33
49,50,Lithuania,Central and Eastern Europe,5.952,1.197,0.716,0.35,0.026,0.006,2800000,2018,1673.320053,1.101
50,51,Slovenia,Central and Eastern Europe,5.948,1.219,0.856,0.633,0.16,0.051,2080000,2018,1442.22051,1.527
51,52,Romania,Central and Eastern Europe,5.945,1.116,0.726,0.528,0.088,0.001,19500000,2018,4415.880433,1.506
52,53,Latvia,Central and Eastern Europe,5.933,1.148,0.671,0.363,0.092,0.066,1930000,2018,1389.244399,1.219
53,54,Japan,Eastern Asia,5.915,1.294,0.988,0.553,0.079,0.15,127000000,2018,11269.42767,1.454
54,55,Mauritius,Sub-Saharan Africa,5.891,1.09,0.684,0.584,0.245,0.05,1270000,2018,1126.942767,1.462
55,56,Jamaica,Latin America and Caribbean,5.89,0.819,0.693,0.575,0.096,0.031,2930000,2018,1711.724277,1.387
56,57,South Korea,Eastern Asia,5.875,1.266,0.955,0.244,0.175,0.051,51200000,2018,7155.417528,1.493
57,58,Cyprus,Western Europe,5.835,1.229,0.909,0.495,0.179,0.154,1190000,2018,1090.871211,1.204
58,59,Russia,Central and Eastern Europe,5.81,1.151,0.599,0.399,0.065,0.025,146000000,2018,12083.04597,1.211
59,60,Kazakhstan,Central and Eastern Europe,5.79,1.143,0.631,0.454,0.148,0.121,18300000,2018,4277.849927,1.479
60,61,Cyprus,Western Europe,5.762,1.229,0.909,0.423,0.202,0.035,1190000,2018,1090.871211,1.516
61,62,Bolivia,Latin America and Caribbean,5.752,0.751,0.508,0.606,0.141,0.054,11400000,2018,3376.388603,1.223
62,63,Estonia,Central and Eastern Europe,5.739,1.2,0.737,0.553,0.086,0.174,1320000,2018,1148.912529,1.532
63,64,Paraguay,Latin America and Caribbean,5.681,0.835,0.615,0.541,0.162,0.074,6960000,2018,2638.181192,1.522
64,65,Peru,Latin America and Caribbean,5.663,0.934,0.674,0.53,0.092,0.034,32000000,2018,5656.854249,1.249
66,67,Moldova,Central and Eastern Europe,5.64,0.657,0.62,0.232,0.171,0.034,4050000,2018,2012.46118,1.301
67,68,Turkmenistan,Central and Eastern Europe,5.636,1.016,0.517,0.417,0.199,0.037,5850000,2018,2418.677324,1.533
68,69,Hungary,Central and Eastern Europe,5.62,1.171,0.732,0.259,0.061,0.022,9710000,2018,3116.08729,1.401
69,70,Libya,Middle East and Northern Africa,5.566,0.985,0.553,0.496,0.116,0.148,6680000,2018,2584.569597,1.35
70,71,Philippines,Southeastern Asia,5.524,0.775,0.513,0.643,0.12,0.105,107000000,2018,10344.08043,1.312
71,72,Honduras,Latin America and Caribbean,5.504,0.62,0.622,0.459,0.197,0.074,9590000,2018,3096.772513,1.205
72,73,Belarus,Central and Eastern Europe,5.483,1.039,0.7,0.307,0.101,0.154,9450000,2018,3074.08523,1.498
73,74,Turkey,Middle East and Northern Africa,5.483,1.148,0.686,0.324,0.106,0.109,82300000,2018,9071.934744,1.38
74,75,Pakistan,Southern Asia,5.472,0.652,0.424,0.334,0.216,0.113,212000000,2018,14560.21978,0.81
76,77,Portugal,Western Europe,5.41,1.188,0.884,0.562,0.055,0.017,10300000,2018,3209.361307,1.429
77,78,Serbia,Central and Eastern Europe,5.398,0.975,0.685,0.288,0.134,0.043,8800000,2018,2966.479395,1.369
78,79,Greece,Western Europe,5.358,1.154,0.879,0.131,0.134,0.044,10500000,2018,3240.370349,1.202
79,80,Lebanon,Middle East and Northern Africa,5.358,0.965,0.785,0.503,0.214,0.136,6860000,2018,2619.160171,1.179
80,81,Montenegro,Central and Eastern Europe,5.347,1.017,0.729,0.259,0.111,0.081,628000,2018,792.4645102,1.279
81,82,Croatia,Central and Eastern Europe,5.321,1.115,0.737,0.38,0.12,0.039,4160000,2018,2039.607805,1.161
82,83,Dominican Republic,Latin America and Caribbean,5.302,0.982,0.614,0.578,0.12,0.106,10600000,2018,3255.764119,1.441
83,84,Algeria,Middle East and Northern Africa,5.295,0.979,0.687,0.077,0.055,0.135,42200000,2018,6496.152708,1.154
84,85,Morocco,Middle East and Northern Africa,5.254,0.779,0.669,0.46,0.026,0.074,36000000,2018,6000,0.797
85,86,China,Eastern Asia,5.246,0.989,0.799,0.597,0.029,0.103,1430000000,2018,37815.3408,1.142
86,87,Azerbaijan,Central and Eastern Europe,5.201,1.024,0.603,0.43,0.031,0.176,9950000,2018,3154.362059,1.161
87,88,Tajikistan,Central and Eastern Europe,5.199,0.474,0.598,0.292,0.187,0.034,9100000,2018,3016.620626,1.166
88,89,Macedonia,Central and Eastern Europe,5.185,0.959,0.691,0.394,0.173,0.052,2080000,2018,1442.22051,1.239
89,90,Jordan,Middle East and Northern Africa,5.161,0.822,0.645,0.468,0.13,0.134,9970000,2018,3157.530681,1.265
90,91,Nigeria,Sub-Saharan Africa,5.155,0.689,0.048,0.462,0.201,0.032,196000000,2018,14000,1.172
92,93,Bosnia and Herzegovina,Central and Eastern Europe,5.129,0.915,0.758,0.28,0.216,0.032,3320000,2018,1822.086716,1.078
93,94,Mongolia,Eastern Asia,5.125,0.914,0.575,0.395,0.253,0.032,3170000,2018,1780.449381,1.517
94,95,Vietnam,Southeastern Asia,5.103,0.715,0.702,0.618,0.177,0.079,95500000,2018,9772.410143,1.365
95,96,Indonesia,Southeastern Asia,5.093,0.899,0.522,0.538,0.484,0.018,268000000,2018,16370.70554,1.215
96,97,Bhutan,Southern Asia,5.082,0.796,0.527,0.541,0.364,0.171,754000,2018,868.3317338,1.335
97,98,Somalia,Sub-Saharan Africa,4.982,0.796,0.115,0.674,0.238,0.282,15000000,2018,3872.983346,0.712
98,99,Cameroon,Sub-Saharan Africa,4.975,0.535,0.182,0.454,0.183,0.043,25200000,2018,5019.960159,0.891
99,100,Bulgaria,Central and Eastern Europe,4.933,1.054,0.712,0.359,0.064,0.009,7050000,2018,2655.183609,1.515
100,101,Nepal,Southern Asia,4.88,0.425,0.539,0.526,0.302,0.078,28100000,2018,5300.943312,1.228
101,102,Venezuela,Latin America and Caribbean,4.806,0.996,0.657,0.133,0.056,0.052,28900000,2018,5375.872022,1.469
102,103,Gabon,Sub-Saharan Africa,4.758,1.036,0.404,0.356,0.032,0.052,2120000,2018,1456.021978,1.164
103,104,Palestinian Territories,Middle East and Northern Africa,4.743,0.642,0.602,0.266,0.086,0.076,4860000,2018,2204.540769,1.217
104,105,South Africa,Sub-Saharan Africa,4.724,0.94,0.33,0.516,0.103,0.056,57800000,2018,7602.631123,1.41
105,106,Iran,Middle East and Northern Africa,4.707,1.059,0.691,0.459,0.282,0.129,81800000,2018,9044.335244,0.771
106,107,Ivory Coast,Sub-Saharan Africa,4.671,0.541,0.08,0.467,0.146,0.103,25100000,2018,5009.99002,0.872
107,108,Ghana,Sub-Saharan Africa,4.657,0.592,0.337,0.499,0.212,0.029,29800000,2018,5458.937626,0.896
108,109,Senegal,Sub-Saharan Africa,4.631,0.429,0.433,0.406,0.138,0.082,15900000,2018,3987.480407,1.117
109,110,Laos,Southeastern Asia,4.623,0.72,0.441,0.626,0.23,0.174,7060000,2018,2657.066051,1.034
110,111,Tunisia,Middle East and Northern Africa,4.592,0.9,0.69,0.271,0.04,0.063,11600000,2018,3405.877273,0.906
111,112,Albania,Central and Eastern Europe,4.586,0.916,0.79,0.419,0.149,0.032,2880000,2018,1697.056275,0.817
112,113,Sierra Leone,Sub-Saharan Africa,4.571,0.256,0.79,0.355,0.238,0.053,7650000,2018,2765.863337,0.813
113,114,Congo (Brazzaville),Sub-Saharan Africa,4.559,0.682,0.343,0.514,0.091,0.077,5240000,2018,2289.104628,0.811
114,115,Bangladesh,Southern Asia,4.5,0.532,0.579,0.58,0.153,0.144,161000000,2018,12688.57754,0.85
115,116,Sri Lanka,Southern Asia,4.471,0.918,0.672,0.585,0.307,0.05,21200000,2018,4604.345773,1.314
116,117,Iraq,Middle East and Northern Africa,4.456,1.01,0.536,0.304,0.148,0.095,38400000,2018,6196.773354,0.971
117,118,Mali,Sub-Saharan Africa,4.447,0.37,0.152,0.367,0.139,0.056,19100000,2018,4370.354677,1.233
118,119,Namibia,Sub-Saharan Africa,4.441,0.874,0.365,0.519,0.051,0.064,2450000,2018,1565.247584,1.281
119,120,Cambodia,Southeastern Asia,4.433,0.549,0.457,0.696,0.256,0.065,16200000,2018,4024.922359,1.088
120,121,Burkina Faso,Sub-Saharan Africa,4.424,0.314,0.254,0.312,0.175,0.128,19800000,2018,4449.719092,1.097
121,122,Egypt,Middle East and Northern Africa,4.419,0.885,0.553,0.312,0.092,0.107,98400000,2018,9919.677414,1.025
122,123,Mozambique,Sub-Saharan Africa,4.417,0.198,0.173,0.531,0.206,0.158,29500000,2018,5431.390246,0.902
123,124,Kenya,Sub-Saharan Africa,4.41,0.493,0.454,0.504,0.352,0.055,51400000,2018,7169.379332,1.048
124,125,Zambia,Sub-Saharan Africa,4.377,0.562,0.295,0.503,0.221,0.082,17400000,2018,4171.330723,1.047
125,126,Mauritania,Sub-Saharan Africa,4.356,0.557,0.292,0.129,0.134,0.093,4400000,2018,2097.617696,1.245
126,127,Ethiopia,Sub-Saharan Africa,4.35,0.308,0.391,0.452,0.22,0.146,109000000,2018,10440.30651,0.95
127,128,Georgia,Central and Eastern Europe,4.34,0.853,0.643,0.375,0.038,0.215,4000000,2018,2000,0.592
128,129,Armenia,Central and Eastern Europe,4.321,0.816,0.666,0.26,0.077,0.028,2950000,2018,1717.556404,0.99
129,130,Myanmar,Southeastern Asia,4.308,0.682,0.429,0.58,0.598,0.178,53700000,2018,7328.028384,1.174
130,131,Chad,Sub-Saharan Africa,4.301,0.358,0.053,0.189,0.181,0.06,15500000,2018,3937.003937,0.907
131,132,Congo (Kinshasa),Sub-Saharan Africa,4.245,0.069,0.204,0.312,0.197,0.052,84100000,2018,9170.605214,1.136
132,133,India,Southern Asia,4.19,0.721,0.485,0.539,0.172,0.093,1350000000,2018,36742.34614,0.747
133,134,Niger,Sub-Saharan Africa,4.166,0.131,0.221,0.39,0.175,0.099,22400000,2018,4732.863826,0.867
134,135,Uganda,Sub-Saharan Africa,4.161,0.322,0.237,0.45,0.259,0.061,42700000,2018,6534.523701,1.09
135,136,Benin,Sub-Saharan Africa,4.141,0.378,0.24,0.44,0.163,0.067,11500000,2018,3391.164992,0.372
136,137,Sudan,Sub-Saharan Africa,4.139,0.605,0.312,0.016,0.134,0.082,41800000,2018,6465.29195,1.24
137,138,Ukraine,Central and Eastern Europe,4.103,0.793,0.609,0.163,0.187,0.011,44200000,2018,6648.308055,1.413
138,139,Togo,Sub-Saharan Africa,3.999,0.259,0.253,0.434,0.158,0.101,7890000,2018,2808.914381,0.474
139,140,Guinea,Sub-Saharan Africa,3.964,0.344,0.211,0.394,0.185,0.094,12400000,2018,3521.363372,0.792
140,141,Lesotho,Sub-Saharan Africa,3.808,0.472,0.079,0.423,0.116,0.112,2110000,2018,1452.583905,1.215
141,142,Angola,Sub-Saharan Africa,3.795,0.73,0.269,0.423,0.079,0.061,30800000,2018,5549.77477,1.125
142,143,Madagascar,Sub-Saharan Africa,3.774,0.262,0.402,0.221,0.155,0.049,26300000,2018,5128.352562,0.908
143,144,Zimbabwe,Sub-Saharan Africa,3.692,0.357,0.248,0.406,0.132,0.099,14400000,2018,3794.733192,1.094
144,145,Afghanistan,Southern Asia,3.632,0.332,0.255,0.085,0.191,0.036,37200000,2018,6099.180273,0.537
145,146,Botswana,Sub-Saharan Africa,3.59,1.017,0.417,0.557,0.042,0.092,2250000,2018,1500,1.174
146,147,Malawi,Sub-Saharan Africa,3.587,0.186,0.306,0.531,0.21,0.08,18100000,2018,4254.409477,0.541
147,148,Haiti,Latin America and Caribbean,3.582,0.315,0.289,0.025,0.392,0.104,11100000,2018,3331.66625,0.714
148,149,Liberia,Sub-Saharan Africa,3.495,0.076,0.267,0.419,0.206,0.03,4820000,2018,2195.44984,0.858
149,150,Syria,Middle East and Northern Africa,3.462,0.689,0.539,0.088,0.376,0.144,16900000,2018,4110.960958,0.382
150,151,Rwanda,Sub-Saharan Africa,3.408,0.332,0.4,0.636,0.2,0.444,12300000,2018,3507.135583,0.896
151,152,Yemen,Middle East and Northern Africa,3.355,0.442,0.343,0.244,0.083,0.064,28500000,2018,5338.539126,1.073
152,153,Tanzania,Sub-Saharan Africa,3.303,0.455,0.381,0.481,0.27,0.097,56300000,2018,7503.332593,0.991
153,154,South Sudan,Sub-Saharan Africa,3.254,0.337,0.177,0.112,0.224,0.106,11000000,2018,3316.62479,0.608
154,155,Central African Republic,Sub-Saharan Africa,3.083,0.024,0.01,0.305,0.218,0.038,4670000,2018,2161.018278,0
155,156,Burundi,Sub-Saharan Africa,2.905,0.091,0.145,0.065,0.149,0.076,11200000,2018,3346.640106,0.627
,1,Finland,Western Europe,7.769,1.34,0.986,0.596,0.153,0.393,5530000,2019,2351.595203,1.587
1,2,Denmark,Western Europe,7.6,1.383,0.996,0.592,0.252,0.41,5770000,2019,2402.08243,1.573
2,3,Norway,Western Europe,7.554,1.488,1.028,0.603,0.271,0.341,5380000,2019,2319.482701,1.582
3,4,Iceland,Western Europe,7.494,1.38,1.026,0.591,0.354,0.118,339000,2019,582.2370651,1.624
4,5,Netherlands,Western Europe,7.488,1.396,0.999,0.557,0.322,0.298,17100000,2019,4135.214626,1.522
5,6,Switzerland,Western Europe,7.48,1.452,1.052,0.572,0.263,0.343,8590000,2019,2930.870178,1.526
6,7,Sweden,Western Europe,7.343,1.387,1.009,0.574,0.267,0.373,10000000,2019,3162.27766,1.487
7,8,New Zealand,Australia and New Zealand,7.307,1.303,1.026,0.585,0.33,0.38,4780000,2019,2186.321111,1.557
8,9,Canada,North America,7.278,1.365,1.039,0.584,0.285,0.308,37400000,2019,6115.553941,1.505
9,10,Austria,Western Europe,7.246,1.376,1.016,0.532,0.244,0.226,8960000,2019,2993.325909,1.475
10,11,Australia,Australia and New Zealand,7.228,1.372,1.036,0.557,0.332,0.29,25200000,2019,5019.960159,1.548
11,12,Costa Rica,Latin America and Caribbean,7.167,1.034,0.963,0.558,0.144,0.093,5050000,2019,2247.220505,1.441
12,13,Israel,Middle East and Northern Africa,7.139,1.276,1.029,0.371,0.261,0.082,8520000,2019,2918.903904,1.455
13,14,Luxembourg,Western Europe,7.09,1.609,1.012,0.526,0.194,0.316,616000,2019,784.8566748,1.479
14,15,United Kingdom,Western Europe,7.054,1.333,0.996,0.45,0.348,0.278,67500000,2019,8215.838363,1.538
15,16,Ireland,Western Europe,7.021,1.499,0.999,0.516,0.298,0.31,4880000,2019,2209.072203,1.553
16,17,Germany,Western Europe,6.985,1.373,0.987,0.495,0.261,0.265,83500000,2019,9137.833441,1.454
17,18,Belgium,Western Europe,6.923,1.356,0.986,0.473,0.16,0.21,11500000,2019,3391.164992,1.504
18,19,United States,North America,6.892,1.433,0.874,0.454,0.28,0.128,329000000,2019,18138.35715,1.457
19,20,Czech Republic,Central and Eastern Europe,6.852,1.269,0.92,0.457,0.046,0.036,10700000,2019,3271.085447,1.487
20,21,United Arab Emirates,Middle East and Northern Africa,6.825,1.503,0.825,0.598,0.262,0.182,9770000,2019,3125.699922,1.31
21,22,Malta,Western Europe,6.726,1.3,0.999,0.564,0.375,0.151,440000,2019,663.3249581,1.52
22,23,Mexico,Latin America and Caribbean,6.595,1.07,0.861,0.433,0.074,0.073,128000000,2019,11313.7085,1.323
23,24,France,Western Europe,6.592,1.324,1.045,0.436,0.111,0.183,65100000,2019,8068.457102,1.472
25,26,Chile,Latin America and Caribbean,6.444,1.159,0.92,0.357,0.187,0.056,19000000,2019,4358.898944,1.369
26,27,Guatemala,Latin America and Caribbean,6.436,0.8,0.746,0.535,0.175,0.078,17600000,2019,4195.235393,1.269
27,28,Saudi Arabia,Middle East and Northern Africa,6.375,1.403,0.795,0.439,0.08,0.132,34300000,2019,5856.620186,1.357
28,29,Qatar,Middle East and Northern Africa,6.374,1.684,0.871,0.555,0.22,0.167,2830000,2019,1682.260384,1.313
29,30,Spain,Western Europe,6.354,1.286,1.062,0.362,0.153,0.079,46700000,2019,6833.739825,1.484
30,31,Panama,Latin America and Caribbean,6.321,1.149,0.91,0.516,0.109,0.054,4250000,2019,2061.552813,1.442
31,32,Brazil,Latin America and Caribbean,6.3,1.004,0.802,0.39,0.099,0.086,211000000,2019,14525.83905,1.439
32,33,Uruguay,Latin America and Caribbean,6.293,1.124,0.891,0.523,0.127,0.15,3460000,2019,1860.107524,1.465
33,34,Singapore,Southeastern Asia,6.262,1.572,1.141,0.556,0.271,0.453,5800000,2019,2408.318916,1.463
34,35,El Salvador,Latin America and Caribbean,6.253,0.794,0.789,0.43,0.093,0.074,6450000,2019,2539.68502,1.242
35,36,Italy,Western Europe,6.223,1.294,1.039,0.231,0.158,0.03,60600000,2019,7784.600182,1.488
36,37,Bahrain,Middle East and Northern Africa,6.199,1.362,0.871,0.536,0.255,0.11,1640000,2019,1280.624847,1.368
37,38,Slovakia,Central and Eastern Europe,6.198,1.246,0.881,0.334,0.121,0.014,5460000,2019,2336.664289,1.504
38,39,Trinidad and Tobago,Latin America and Caribbean,6.192,1.231,0.713,0.489,0.185,0.016,1390000,2019,1178.982612,1.477
39,40,Poland,Central and Eastern Europe,6.182,1.206,0.884,0.483,0.117,0.05,37900000,2019,6156.297589,1.438
40,41,Uzbekistan,Central and Eastern Europe,6.174,0.745,0.756,0.631,0.322,0.24,33000000,2019,5744.562647,1.529
41,42,Lithuania,Central and Eastern Europe,6.149,1.238,0.818,0.291,0.043,0.042,2760000,2019,1661.324773,1.515
42,43,Colombia,Latin America and Caribbean,6.125,0.985,0.841,0.47,0.099,0.034,50300000,2019,7092.249291,1.41
43,44,Slovenia,Central and Eastern Europe,6.118,1.258,0.953,0.564,0.144,0.057,2080000,2019,1442.22051,1.523
44,45,Nicaragua,Latin America and Caribbean,6.105,0.694,0.835,0.435,0.2,0.127,6550000,2019,2559.296778,1.325
46,47,Argentina,Latin America and Caribbean,6.086,1.092,0.881,0.471,0.066,0.05,44800000,2019,6693.280212,1.432
47,48,Romania,Central and Eastern Europe,6.07,1.162,0.825,0.462,0.083,0.005,19400000,2019,4404.543109,1.232
48,49,Cyprus,Western Europe,6.046,1.263,1.042,0.406,0.19,0.041,1200000,2019,1095.445115,1.223
49,50,Ecuador,Latin America and Caribbean,6.028,0.912,0.868,0.498,0.126,0.087,17400000,2019,4171.330723,1.312
50,51,Kuwait,Middle East and Northern Africa,6.021,1.5,0.808,0.493,0.142,0.097,4210000,2019,2051.828453,1.319
51,52,Thailand,Southeastern Asia,6.008,1.05,0.828,0.557,0.359,0.028,69600000,2019,8342.661446,1.409
52,53,Latvia,Central and Eastern Europe,5.94,1.187,0.812,0.264,0.075,0.064,1910000,2019,1382.027496,1.465
53,54,South Korea,Eastern Asia,5.895,1.301,1.036,0.159,0.175,0.056,51200000,2019,7155.417528,1.219
54,55,Estonia,Central and Eastern Europe,5.893,1.237,0.874,0.495,0.103,0.161,1330000,2019,1153.256259,1.528
55,56,Jamaica,Latin America and Caribbean,5.89,0.831,0.831,0.49,0.107,0.028,2950000,2019,1717.556404,1.478
56,57,Mauritius,Sub-Saharan Africa,5.888,1.12,0.798,0.498,0.215,0.06,1270000,2019,1126.942767,1.402
57,58,Japan,Eastern Asia,5.886,1.327,1.088,0.445,0.069,0.14,127000000,2019,11269.42767,1.419
58,59,Honduras,Latin America and Caribbean,5.86,0.642,0.828,0.507,0.246,0.078,9750000,2019,3122.498999,1.236
59,60,Kazakhstan,Central and Eastern Europe,5.809,1.173,0.729,0.41,0.146,0.096,18600000,2019,4312.771731,1.508
60,61,Bolivia,Latin America and Caribbean,5.779,0.776,0.706,0.511,0.137,0.064,11500000,2019,3391.164992,1.209
61,62,Hungary,Central and Eastern Europe,5.758,1.201,0.828,0.199,0.081,0.02,9680000,2019,3111.269837,1.41
62,63,Paraguay,Latin America and Caribbean,5.743,0.855,0.777,0.514,0.184,0.08,7040000,2019,2653.299832,1.475
63,64,Cyprus,Western Europe,5.718,1.263,1.042,0.417,0.191,0.162,1200000,2019,1095.445115,1.274
64,65,Peru,Latin America and Caribbean,5.697,0.96,0.854,0.455,0.083,0.027,32500000,2019,5700.877125,1.431
65,66,Portugal,Western Europe,5.693,1.221,0.999,0.508,0.047,0.025,10200000,2019,3193.743885,0.886
66,67,Pakistan,Southern Asia,5.653,0.677,0.535,0.313,0.22,0.098,217000000,2019,14730.91986,1.452
67,68,Russia,Central and Eastern Europe,5.648,1.183,0.726,0.334,0.082,0.031,146000000,2019,12083.04597,1.293
68,69,Philippines,Southeastern Asia,5.631,0.807,0.657,0.558,0.117,0.107,108000000,2019,10392.30485,1.383
69,70,Serbia,Central and Eastern Europe,5.603,1.004,0.854,0.282,0.137,0.039,8770000,2019,2961.418579,1.328
70,71,Moldova,Central and Eastern Europe,5.529,0.685,0.739,0.245,0.181,0.039,4040000,2019,2009.975124,1.303
71,72,Libya,Middle East and Northern Africa,5.525,1.044,0.673,0.416,0.133,0.152,6780000,2019,2603.843313,1.361
72,73,Montenegro,Central and Eastern Europe,5.523,1.051,0.871,0.197,0.142,0.08,628000,2019,792.4645102,1.098
73,74,Tajikistan,Central and Eastern Europe,5.467,0.493,0.718,0.389,0.23,0.144,9320000,2019,3052.867504,1.266
74,75,Croatia,Central and Eastern Europe,5.432,1.155,0.914,0.296,0.119,0.022,4130000,2019,2032.240143,1.401
76,77,Dominican Republic,Latin America and Caribbean,5.425,1.015,0.779,0.497,0.113,0.101,10700000,2019,3271.085447,1.212
77,78,Bosnia and Herzegovina,Central and Eastern Europe,5.386,0.945,0.845,0.212,0.263,0.006,3300000,2019,1816.590212,1.36
78,79,Turkey,Middle East and Northern Africa,5.373,1.183,0.808,0.195,0.083,0.106,83400000,2019,9132.360045,1.171
79,80,Malaysia,Southeastern Asia,5.339,1.221,0.828,0.508,0.26,0.024,31900000,2019,5648.008499,1.465
80,81,Belarus,Central and Eastern Europe,5.323,1.067,0.789,0.235,0.094,0.142,9450000,2019,3074.08523,1.156
81,82,Greece,Western Europe,5.287,1.181,0.999,0.067,0.094,0.034,10500000,2019,3240.370349,1.531
82,83,Mongolia,Eastern Asia,5.285,0.948,0.667,0.317,0.235,0.038,3230000,2019,1797.220076,1.294
83,84,Macedonia,Central and Eastern Europe,5.274,0.983,0.838,0.345,0.185,0.034,2080000,2019,1442.22051,1.111
84,85,Nigeria,Sub-Saharan Africa,5.265,0.696,0.245,0.426,0.215,0.041,201000000,2019,14177.44688,1.538
86,87,Turkmenistan,Central and Eastern Europe,5.247,1.052,0.657,0.394,0.244,0.028,5940000,2019,2437.211521,1.16
87,88,Algeria,Middle East and Northern Africa,5.211,1.002,0.785,0.086,0.073,0.114,43100000,2019,6565.059025,0.782
88,89,Morocco,Middle East and Northern Africa,5.208,0.801,0.782,0.418,0.036,0.076,36500000,2019,6041.522987,1.147
89,90,Azerbaijan,Central and Eastern Europe,5.208,1.043,0.769,0.351,0.035,0.182,10000000,2019,3162.27766,1.224
90,91,Lebanon,Middle East and Northern Africa,5.197,0.987,0.815,0.216,0.166,0.027,6860000,2019,2619.160171,1.203
91,92,Indonesia,Southeastern Asia,5.192,0.931,0.66,0.491,0.498,0.028,271000000,2019,16462.07763,1.125
92,93,China,Eastern Asia,5.191,1.029,0.893,0.521,0.058,0.1,1430000000,2019,37815.3408,1.346
93,94,Vietnam,Southeastern Asia,5.175,0.741,0.851,0.543,0.147,0.073,96500000,2019,9823.441352,1.321
94,95,Bhutan,Southern Asia,5.082,0.813,0.604,0.457,0.37,0.167,763000,2019,873.4987121,0.91
95,96,Cameroon,Sub-Saharan Africa,5.044,0.549,0.331,0.381,0.187,0.037,25900000,2019,5089.20426,1.513
96,97,Bulgaria,Central and Eastern Europe,5.011,1.092,0.815,0.311,0.081,0.004,7000000,2019,2645.751311,0.868
97,98,Ghana,Sub-Saharan Africa,4.996,0.611,0.486,0.381,0.245,0.04,30400000,2019,5513.619501,0.808
98,99,Ivory Coast,Sub-Saharan Africa,4.944,0.569,0.232,0.352,0.154,0.09,25700000,2019,5069.516742,1.226
99,100,Nepal,Southern Asia,4.913,0.446,0.677,0.439,0.285,0.089,28600000,2019,5347.896783,1.225
100,101,Jordan,Middle East and Northern Africa,4.906,0.837,0.815,0.383,0.11,0.13,10100000,2019,3178.049716,0.437
101,102,Benin,Sub-Saharan Africa,4.883,0.393,0.397,0.349,0.175,0.082,11800000,2019,3435.112807,0.799
102,103,Congo (Brazzaville),Sub-Saharan Africa,4.812,0.673,0.508,0.372,0.105,0.093,5380000,2019,2319.482701,1.183
103,104,Gabon,Sub-Saharan Africa,4.799,1.057,0.571,0.295,0.043,0.055,2170000,2019,1473.091986,1.03
104,105,Laos,Southeastern Asia,4.796,0.764,0.551,0.547,0.266,0.164,7170000,2019,2677.685568,1.351
105,106,South Africa,Sub-Saharan Africa,4.722,0.96,0.469,0.389,0.13,0.055,58600000,2019,7655.063684,0.848
106,107,Albania,Central and Eastern Europe,4.719,0.947,0.874,0.383,0.178,0.027,2880000,2019,1697.056275,1.427
107,108,Venezuela,Latin America and Caribbean,4.707,0.96,0.805,0.154,0.064,0.047,28500000,2019,5338.539126,1.122
108,109,Cambodia,Southeastern Asia,4.7,0.574,0.637,0.609,0.232,0.062,16500000,2019,4062.019202,1.247
109,110,Palestinian Territories,Middle East and Northern Africa,4.696,0.657,0.672,0.225,0.103,0.066,4980000,2019,2231.59136,1.134
110,111,Senegal,Sub-Saharan Africa,4.681,0.45,0.571,0.292,0.153,0.072,16300000,2019,4037.325848,0.698
111,112,Somalia,Sub-Saharan Africa,4.668,0.45,0.268,0.559,0.243,0.27,15400000,2019,3924.283374,1.313
112,113,Namibia,Sub-Saharan Africa,4.639,0.879,0.477,0.401,0.07,0.056,2490000,2019,1577.973384,0.774
113,114,Niger,Sub-Saharan Africa,4.628,0.138,0.366,0.318,0.188,0.102,23300000,2019,4827.007354,1.056
114,115,Burkina Faso,Sub-Saharan Africa,4.587,0.331,0.38,0.255,0.177,0.113,20300000,2019,4505.55213,1.055
115,116,Armenia,Central and Eastern Europe,4.559,0.85,0.815,0.283,0.095,0.064,2960000,2019,1720.465053,0.842
116,117,Iran,Middle East and Northern Africa,4.548,1.1,0.785,0.305,0.27,0.125,82900000,2019,9104.943712,0.829
117,118,Guinea,Sub-Saharan Africa,4.534,0.38,0.375,0.332,0.207,0.086,12800000,2019,3577.708764,0.666
118,119,Georgia,Central and Eastern Europe,4.519,0.886,0.752,0.346,0.043,0.164,4000000,2019,2000,0.939
119,120,Gambia,Sub-Saharan Africa,4.516,0.308,0.428,0.382,0.269,0.167,2350000,2019,1532.970972,0.983
120,121,Kenya,Sub-Saharan Africa,4.509,0.512,0.581,0.431,0.372,0.053,52600000,2019,7252.585746,1.167
121,122,Mauritania,Sub-Saharan Africa,4.49,0.57,0.489,0.066,0.106,0.088,4530000,2019,2128.379665,0.986
122,123,Mozambique,Sub-Saharan Africa,4.466,0.204,0.39,0.494,0.197,0.138,30400000,2019,5513.619501,1
123,124,Tunisia,Middle East and Northern Africa,4.461,0.921,0.815,0.167,0.059,0.055,11700000,2019,3420.526275,0.928
124,125,Bangladesh,Southern Asia,4.456,0.562,0.723,0.527,0.166,0.143,163000000,2019,12767.14533,0.98
125,126,Iraq,Middle East and Northern Africa,4.437,1.043,0.574,0.241,0.148,0.089,39300000,2019,6268.971207,1.125
126,127,Congo (Kinshasa),Sub-Saharan Africa,4.418,0.094,0.357,0.269,0.212,0.053,86800000,2019,9316.651759,1.105
127,128,Mali,Sub-Saharan Africa,4.39,0.385,0.308,0.327,0.153,0.052,19700000,2019,4438.468204,0.841
128,129,Sierra Leone,Sub-Saharan Africa,4.374,0.268,0.242,0.309,0.252,0.045,7810000,2019,2794.637722,1.265
129,130,Sri Lanka,Southern Asia,4.366,0.949,0.831,0.47,0.244,0.047,21300000,2019,4615.192304,1.181
130,131,Myanmar,Southeastern Asia,4.36,0.71,0.555,0.525,0.566,0.172,54000000,2019,7348.469228,0.766
131,132,Chad,Sub-Saharan Africa,4.35,0.35,0.192,0.174,0.198,0.078,15900000,2019,3987.480407,1.39
132,133,Ukraine,Central and Eastern Europe,4.332,0.82,0.739,0.178,0.187,0.01,44000000,2019,6633.249581,1.033
133,134,Ethiopia,Sub-Saharan Africa,4.286,0.336,0.532,0.344,0.209,0.1,112000000,2019,10583.00524,1.149
134,135,Swaziland,Sub-Saharan Africa,4.212,0.811,0.532,0.313,0.074,0.135,1150000,2019,1072.380529,1.069
135,136,Uganda,Sub-Saharan Africa,4.189,0.332,0.443,0.356,0.252,0.06,44300000,2019,6655.824517,1.039
136,137,Egypt,Middle East and Northern Africa,4.166,0.913,0.644,0.241,0.076,0.067,100000000,2019,10000,1.058
137,138,Zambia,Sub-Saharan Africa,4.107,0.578,0.426,0.431,0.247,0.087,17900000,2019,4230.83916,0.572
138,139,Togo,Sub-Saharan Africa,4.085,0.275,0.41,0.293,0.177,0.085,8080000,2019,2842.534081,0.765
139,140,India,Southern Asia,4.015,0.755,0.588,0.498,0.2,0.085,1370000000,2019,37013.51105,0.922
140,141,Liberia,Sub-Saharan Africa,3.975,0.073,0.443,0.37,0.233,0.033,4940000,2019,2222.611077,0.757
141,142,Comoros,Sub-Saharan Africa,3.973,0.274,0.505,0.142,0.275,0.078,851000,2019,922.4966125,0.916
142,143,Madagascar,Sub-Saharan Africa,3.933,0.274,0.555,0.148,0.169,0.041,27000000,2019,5196.152423,1.169
143,144,Lesotho,Sub-Saharan Africa,3.802,0.489,0.168,0.359,0.107,0.093,2130000,2019,1459.451952,0.447
144,145,Burundi,Sub-Saharan Africa,3.775,0.046,0.38,0.22,0.176,0.18,11500000,2019,3391.164992,1.114
145,146,Zimbabwe,Sub-Saharan Africa,3.663,0.366,0.433,0.361,0.151,0.089,14600000,2019,3820.994635,0.688
146,147,Haiti,Latin America and Caribbean,3.597,0.323,0.449,0.026,0.419,0.11,11300000,2019,3361.547263,1.145
147,148,Botswana,Sub-Saharan Africa,3.488,1.041,0.538,0.455,0.025,0.1,2300000,2019,1516.575089,0.378
148,149,Syria,Middle East and Northern Africa,3.462,0.619,0.44,0.013,0.331,0.141,17100000,2019,4135.214626,0.56
149,150,Malawi,Sub-Saharan Africa,3.41,0.191,0.495,0.443,0.218,0.089,18600000,2019,4312.771731,1.163
150,151,Yemen,Middle East and Northern Africa,3.38,0.287,0.463,0.143,0.108,0.077,29200000,2019,5403.702434,0.711
151,152,Rwanda,Sub-Saharan Africa,3.334,0.359,0.614,0.555,0.217,0.411,12600000,2019,3549.64787,0.885
152,153,Tanzania,Sub-Saharan Africa,3.231,0.476,0.499,0.417,0.276,0.147,58000000,2019,7615.773106,0.517
153,154,Afghanistan,Southern Asia,3.203,0.35,0.361,0.417,0.158,0.025,38000000,2019,6164.414003,0
154,155,Central African Republic,Sub-Saharan Africa,3.083,0.026,0.105,0.225,0.235,0.035,4750000,2019,2179.449472,0.575
155,156,South Sudan,Sub-Saharan Africa,2.853,0.306,0.295,0.01,0.202,0.091,11100000,2019,3331.66625,0.575