,rank,country,region,score,gdp_per_capita,healthy_life_expectancy,freedom_to_life_choice,generosity,corruption_perceptions,year,social_support
,1,Switzerland,Western Europe,7.587,3.50727301,3.87935926,4.471369679,2.372440645,3.558844248,2015,3.611250706
1,2,Iceland,Western Europe,7.561,3.270718997,3.905773006,4.224143385,3.487754746,1.199196053,2015,3.75232794
2,3,Denmark,Western Europe,7.527,3.328884312,3.604137093,4.362603546,2.729050178,4.099648181,2015,3.640873714
3,4,Norway,Western Europe,7.522,3.664213878,3.647692989,4.499316999,2.773816226,3.094680347,2015,3.56158467
4,5,Canada,North America,7.427,3.330918591,3.731837871,4.25235943,3.662102514,2.794054741,2015,3.539267065
5,6,Finland,Western Europe,7.406,3.240405727,3.663763755,4.310941312,1.866664247,3.507468299,2015,3.527626588
6,7,Netherlands,Western Europe,7.378,3.338829676,3.679134,4.136740829,3.805913442,2.697152578,2015,3.425698822
7,8,Sweden,Western Europe,7.364,3.344530681,3.753430387,4.432606208,2.898761462,3.71704148,2015,3.449514971
8,9,New Zealand,Australia and New Zealand,7.286,3.139771697,3.743128614,4.295422488,3.79720005,3.638875431,2015,3.531399708
9,10,Australia,Australia and New Zealand,7.284,3.349227103,3.83868786,4.375099223,3.482318869,3.021261911,2015,3.503462562
10,11,Israel,Middle East and Northern Africa,7.278,3.085499139,3.765792515,2.775854137,2.651748807,0.6600029176,2015,3.275202167
11,12,Costa Rica,Latin America and Caribbean,7.226,2.400399136,3.544922502,4.257666733,2.038214136,0.8972139855,2015,3.312531974
12,13,Austria,Western Europe,7.2,3.358393916,3.669161884,4.194314996,2.6450339,1.583328772,2015,3.470842466
13,14,Mexico,Latin America and Caribbean,7.187,2.563041008,3.356070399,3.236850557,1.125066704,1.806805675,2015,2.447202973
14,15,United States,North America,7.119,3.502250099,3.55118598,3.668354492,3.205968464,1.34713505,2015,3.337231194
15,16,Brazil,Latin America and Caribbean,6.983,2.464340799,2.872216725,3.295163715,1.165036389,1.485409264,2015,3.299125355
16,17,Luxembourg,Western Europe,6.946,3.927690696,3.78668451,4.137211096,2.24102032,3.204468886,2015,3.263695489
17,18,Ireland,Western Europe,6.94,3.355204367,3.689394566,4.150244222,3.669297057,2.433405747,2015,3.664689863
18,19,Belgium,Western Europe,6.937,3.284532004,3.694916317,3.926732842,1.778650999,1.910914035,2015,3.440389907
19,20,United Arab Emirates,Middle East and Northern Africa,6.901,3.584525388,3.334683918,4.31013514,2.11263769,3.27102024,2015,3.012475256
20,21,United Kingdom,Western Europe,6.867,3.180432165,3.747496566,4.005670585,4.149812615,2.718601613,2015,3.439908232
21,22,Oman,Middle East and Northern Africa,6.853,3.415856023,3.143112148,4.250814265,1.722053925,2.757345522,2015,2.894919815
22,23,Venezuela,Latin America and Caribbean,6.81,2.622562508,2.969053391,2.882604838,0.4669258646,0.9384164797,2015,3.360913544
23,24,Singapore,Southeastern Asia,6.798,3.822083983,4.224757105,3.64470676,2.486514127,4.171964493,2015,2.729491238
24,25,Panama,Latin America and Caribbean,6.786,2.671008489,3.282598154,3.641885156,1.953238585,0.7858994279,2015,3.207152205
25,26,Germany,Western Europe,6.75,3.335012263,3.675095705,4.130089904,2.255409407,1.851823215,2015,3.47707748
26,27,Chile,Latin America and Caribbean,6.67,2.780558187,3.537917296,2.964834453,2.667017227,1.09101831,2015,3.009050012
27,28,Qatar,Middle East and Northern Africa,6.611,4.245414958,3.285565065,4.302274956,2.603865124,4.426131319,2015,2.886303186
28,29,France,Western Europe,6.575,3.209087874,3.897325552,3.695697183,0.9858123202,1.750342998,2015,3.37274134
29,30,Argentina,Latin America and Caribbean,6.574,2.645843703,3.243945902,3.021400904,0.9153857345,0.7192632952,2015,3.340228282
30,31,Czech Republic,Central and Eastern Europe,6.505,2.96095605,3.481298752,3.114782574,0.8542321159,0.2248333638,2015,3.228372661
31,32,Uruguay,Latin America and Caribbean,6.485,2.666312067,3.344367585,4.055183024,1.857790976,2.081997643,2015,3.234982311
32,33,Colombia,Latin America and Caribbean,6.477,2.307048328,2.846462293,3.591902448,1.470964361,0.4340674294,2015,3.318686709
33,34,Thailand,Southeastern Asia,6.455,2.428326524,3.043143743,3.739566414,4.606905937,0.2701900191,2015,3.385211368
34,35,Saudi Arabia,Middle East and Northern Africa,6.411,3.504510409,2.9679408,2.08583749,1.095649016,2.757345522,2015,2.900566115
35,36,Spain,Western Europe,6.329,3.089366781,3.937832124,3.087036797,1.457054911,0.5424147292,2015,3.515664994
36,37,Malta,Western Europe,6.302,3.032331622,3.655934407,4.055384568,4.137022315,1.151804706,2015,3.484195565
38,39,Kuwait,Middle East and Northern Africa,6.295,3.90335469,2.987184512,3.728481539,1.297256109,2.171100156,2015,3.120022563
39,40,Suriname,Latin America and Caribbean,6.269,2.499752324,2.506215334,4.007820379,1.358249849,1.15578931,2015,2.601044591
40,41,Trinidad and Tobago,Latin America and Caribbean,6.168,3.04345737,2.533535636,3.754346247,2.545589322,0.09664782608,2015,3.167119666
41,42,El Salvador,Latin America and Caribbean,6.13,1.920108347,2.791244789,2.710755691,0.8547117521,0.9983550877,2015,2.743058415
42,43,Guatemala,Latin America and Caribbean,6.123,1.872365574,2.654766901,3.878564023,2.197453363,0.8030247444,2015,2.792537134
43,44,Uzbekistan,Central and Eastern Europe,6.003,1.588345048,2.463030302,4.42192442,1.82557541,2.613391129,2015,3.586952882
44,45,Slovakia,Central and Eastern Europe,5.995,2.935665691,3.251321971,2.133065773,1.35041579,0.290876045,2015,3.398457429
45,46,Japan,Eastern Asia,5.987,3.191407226,4.084076093,3.333188194,0.855750964,1.531105034,2015,3.364017672
46,47,South Korea,Eastern Asia,5.984,3.125782888,3.978050245,2.230948575,1.483434903,0.6661069908,2015,2.562885234
47,48,Ecuador,Latin America and Caribbean,5.975,2.169947961,3.258450798,3.263252712,0.9225802779,1.533648398,2015,2.673376109
48,49,Bahrain,Middle East and Northern Africa,5.96,3.324564608,3.078829084,3.056200692,1.387907355,2.594231121,2015,3.254623944
49,50,Italy,Western Europe,5.948,3.142182694,3.933052101,1.762562238,1.824456259,0.2459432837,2015,3.205198745
50,51,Bolivia,Latin America and Caribbean,5.89,1.711130117,2.2218864,3.857133265,1.641634918,0.7460533943,2015,2.618197571
51,52,Moldova,Central and Eastern Europe,5.889,1.493010189,2.547669669,2.204747962,1.674809757,0.1369177536,2015,2.716860651
52,53,Paraguay,Latin America and Caribbean,5.878,1.90832962,2.723706366,3.620991846,2.737124055,0.6987468268,2015,3.491527728
53,54,Kazakhstan,Central and Eastern Europe,5.855,2.81920949,2.652418097,3.469834466,0.9454429379,0.7167199313,2015,3.00353751
54,55,Slovenia,Central and Eastern Europe,5.848,2.976024785,3.598903792,4.088303286,2.024704383,0.3210572959,2015,3.40878668
55,56,Lithuania,Central and Eastern Europe,5.833,2.881217332,3.013392222,1.43377814,0.2111198782,0.08740693745,2015,3.364900742
56,57,Nicaragua,Latin America and Caribbean,5.828,1.489921099,3.062263833,3.726869194,2.223513598,1.637671979,2015,3.055531642
57,58,Peru,Latin America and Caribbean,5.824,2.260787314,3.008818235,2.787745184,1.197651653,0.5077402021,2015,2.607975358
58,59,Belarus,Central and Eastern Europe,5.813,2.591621374,3.033171626,2.548714979,0.8830102894,1.618427193,2015,3.299178875
59,60,Poland,Central and Eastern Europe,5.791,2.826768972,3.210156086,3.568792164,1.339703915,0.3570882837,2015,3.423852401
60,61,Malaysia,Southeastern Asia,5.77,2.825036067,2.983146217,3.562208421,2.643994688,0.8902621243,2015,2.863905302
61,62,Croatia,Central and Eastern Europe,5.759,2.718751262,3.247324883,1.738847325,0.4351899344,0.2060124714,2015,2.130715788
62,63,Libya,Middle East and Northern Africa,5.754,2.841586561,2.900155134,2.799300326,1.462490788,0.9345166552,2015,2.993395577
63,64,Russia,Central and Eastern Europe,5.716,2.857132471,2.757825838,2.464134027,0.01590793478,0.2547602784,2015,3.307956062
64,65,Jamaica,Latin America and Caribbean,5.709,2.035233476,2.83261671,3.388746929,1.697112841,0.1949064493,2015,3.080097063
66,67,Cyprus,Western Europe,5.689,3.034164984,3.805722187,2.732387992,2.449182441,0.5210504729,2015,2.390124494
67,68,Algeria,Middle East and Northern Africa,5.605,2.358985232,2.545197243,1.919967457,0.6252857581,1.47370979,2015,2.88394833
69,70,Turkmenistan,Central and Eastern Europe,5.548,2.407154952,2.220485358,3.198490173,1.357290576,2.614917147,2015,3.28256109
70,71,Mauritius,Sub-Saharan Africa,5.477,2.530567886,2.923643176,3.766573199,3.01723161,0.6376213158,2015,2.636394179
72,73,Estonia,Central and Eastern Europe,5.429,2.892543997,3.187821843,3.015623333,0.6938737382,1.28728122,2015,3.285852535
73,74,Indonesia,Southeastern Asia,5.399,2.080163419,2.628724019,3.131376296,4.119675472,1.28728122,2015,2.908995426
74,75,Vietnam,Southeastern Asia,5.36,1.58764184,3.077180801,3.993510813,1.347777791,0.8851753966,2015,2.441182036
75,76,Turkey,Middle East and Northern Africa,5.332,2.664604277,3.015205334,1.532735839,0.9794971099,1.334926903,2015,2.532325636
77,78,Nigeria,Sub-Saharan Africa,5.268,1.643371042,0.6596019213,2.306594446,2.176988884,0.3416585431,2015,2.41993482
78,79,Bhutan,Southern Asia,5.253,1.934875706,2.365575529,3.574435373,3.836929918,1.309408486,2015,2.954139071
79,80,Azerbaijan,Central and Eastern Europe,5.212,2.571454385,2.639108206,2.487714579,0.6234471525,1.361971339,2015,2.509874232
80,81,Pakistan,Southern Asia,5.194,1.495396072,2.120764196,0.8130251642,2.691638553,0.8871253089,2015,1.108146683
81,82,Jordan,Middle East and Northern Africa,5.192,2.265282819,2.869620678,2.731649,0.883569865,1.211743314,2015,2.820260201
82,82,Montenegro,Central and Eastern Europe,5.192,2.447112213,2.988379517,1.22672612,1.290221444,1.211997651,2015,2.423279785
83,84,China,Eastern Asia,5.14,2.235496955,3.364888717,3.473059157,0.6543037496,0.2357698284,2015,2.533476303
84,85,Zambia,Sub-Saharan Africa,5.129,1.181338536,1.23308102,3.28024952,1.566092212,1.057022014,2015,2.451511287
85,86,Romania,Central and Eastern Europe,5.124,2.620578458,3.168413302,2.355905343,1.099006469,0.05502143783,2015,2.3705899
86,87,Serbia,Central and Eastern Europe,5.123,2.311870323,3.083773935,1.350809534,1.537314039,0.221866106,2015,2.70176817
87,88,Portugal,Western Europe,5.102,2.91306259,3.606403483,3.457741875,1.096688227,0.0913915408,2015,3.048868472
88,89,Latvia,Central and Eastern Europe,5.098,2.795551577,2.984918122,1.993329173,1.456974971,0.5368193287,2015,2.931848226
89,90,Philippines,Southeastern Asia,5.073,1.77137994,2.394708943,4.201839274,1.997764815,1.040998821,2015,2.77005897
91,92,Morocco,Middle East and Northern Africa,5.013,1.84539254,2.511737085,2.80084549,0.5733251671,0.7245195804,2015,1.715164126
92,93,Macedonia,Central and Eastern Europe,5.007,2.306797182,3.03057558,2.247676658,1.787364391,0.4516166399,2015,2.682180056
93,94,Mozambique,Sub-Saharan Africa,4.971,0.2086517402,0.3762619569,2.286641672,1.780169847,1.322803535,2015,2.746242821
94,95,Albania,Central and Eastern Europe,4.959,2.206740787,3.351166755,2.400580746,1.140894699,0.5436864111,2015,2.152391159
95,96,Bosnia and Herzegovina,Central and Eastern Europe,4.949,2.090108784,3.258698041,0.6210888814,1.98313591,0.01924478642,2015,2.459646241
96,97,Lesotho,Sub-Saharan Africa,4.898,0.9429260455,0.3136683841,2.13414067,1.310046408,1.06007405,2015,2.785766925
97,98,Dominican Republic,Latin America and Caribbean,4.885,2.248682097,2.753663922,3.874465978,1.733405315,1.206741365,2015,3.136292471
98,99,Laos,Southeastern Asia,4.876,1.483416428,2.262640213,4.003386429,3.372801931,2.055800995,2015,1.974947469
99,100,Mongolia,Eastern Asia,4.874,2.079962503,2.483469019,2.930840837,2.65638529,0.226020267,2015,3.480368926
100,101,Swaziland,Sub-Saharan Africa,4.867,1.788307151,0.3117728579,2.059636877,1.459612971,0.2594231121,2015,2.870889588
101,102,Greece,Western Europe,4.857,2.898370574,3.635001205,0.5172269657,1.459612971,0.1184359763,2015,2.486860875
102,103,Lebanon,Middle East and Northern Africa,4.839,2.575849432,3.45921175,2.278512764,1.746995009,0.3884564378,2015,2.140804201
103,104,Hungary,Central and Eastern Europe,4.8,2.815191161,3.127824317,2.157318135,1.023223946,0.2338199161,2015,3.216919502
104,105,Honduras,Latin America and Caribbean,4.788,1.495119812,2.864304963,2.697185118,1.84076389,0.5786152746,2015,2.551485594
105,106,Tajikistan,Central and Eastern Europe,4.786,0.9806481102,2.364421731,3.172020836,1.836527104,1.277785995,2015,2.289641753
106,107,Tunisia,Middle East and Northern Africa,4.739,2.212918968,3.040794938,1.764712032,0.5140900933,0.5390235774,2015,1.617063
107,108,Palestinian Territories,Middle East and Northern Africa,4.715,1.503533189,2.720286177,1.645868741,0.8993978604,1.094070347,2015,2.47682598
108,109,Bangladesh,Southern Asia,4.694,0.9983789875,2.479183482,2.742330789,1.696473326,1.065584672,2015,1.153504405
109,110,Iran,Middle East and Northern Africa,4.686,2.533556518,2.876461056,2.017648716,3.044570875,0.497058074,2015,1.456986367
110,111,Ukraine,Central and Eastern Europe,4.681,2.006828912,2.776945928,1.687789721,1.221073888,0.2510300114,2015,3.218605364
111,112,Iraq,Middle East and Northern Africa,4.677,2.475014485,2.4821916,1.687789721,1.432673403,1.168930023,2015,2.191326549
112,113,South Africa,Sub-Saharan Africa,4.642,2.311769864,1.140941963,2.230881394,0.9571140861,0.7531748131,2015,3.170170274
113,114,Ghana,Sub-Saharan Africa,4.633,1.370200005,1.653723015,2.844580359,1.845560253,0.3692116514,2015,1.818429878
114,115,Zimbabwe,Sub-Saharan Africa,4.61,0.6806044968,1.379407404,1.737369342,1.517808833,0.6849278833,2015,2.763636638
115,116,Liberia,Sub-Saharan Africa,4.571,0.1788156464,1.409323753,1.916742767,1.94748295,0.5283414492,2015,2.113161413
116,117,India,Southern Asia,4.565,1.619863817,2.123360243,2.672865575,2.116394841,0.7199415255,2015,1.021525476
117,118,Sudan,Sub-Saharan Africa,4.55,1.308644226,1.519635138,0.6772522459,1.523804285,1.242857132,2015,2.713542446
118,119,Haiti,Latin America and Caribbean,4.518,0.6698805809,1.600771902,1.640897342,3.692159717,1.456075801,2015,0.7137619587
119,120,Congo (Kinshasa),Sub-Saharan Africa,4.517,0.6698805809,0.4040767439,1.518627817,1.985214333,0.6464383104,2015,0.7137619587
120,121,Nepal,Southern Asia,4.514,0.9040487111,2.343612149,2.571825263,2.581721918,0.5007883409,2015,0.9632695695
121,122,Ethiopia,Sub-Saharan Africa,4.512,0.4790099471,1.815378437,2.919016971,1.944525194,1.275751304,2015,0.5103881018
122,123,Sierra Leone,Sub-Saharan Africa,4.507,0.8293831329,1.815378437,2.74367441,1.717737199,0.7448664912,2015,0.8837129279
123,124,Mauritania,Sub-Saharan Africa,4.436,1.140376693,1.478263218,1.627931398,1.75067222,1.480322536,2015,1.215078516
124,125,Kenya,Sub-Saharan Africa,4.419,0.9159530112,1.707415856,2.836048365,3.001083857,0.4950233829,2015,0.9759536759
125,126,Djibouti,Sub-Saharan Africa,4.369,1.105668375,1.495446575,3.095300067,1.446343035,2.382708028,2015,1.178096586
126,127,Armenia,Central and Eastern Europe,4.35,1.929325389,3.007705644,1.333342459,0.6279237573,0.3306372998,2015,2.055708298
127,128,Botswana,Sub-Saharan Africa,4.332,2.495256818,0.1968050713,3.325126467,0.8362457575,1.057530686,2015,2.658711784
128,129,Myanmar,Southeastern Asia,4.307,0.6808054133,1.98807736,2.957108631,6.36221464,1.61367958,2015,0.7254024361
129,130,Georgia,Central and Eastern Europe,4.297,1.86324899,3.00506839,2.726005791,0.4434236896,3.249655984,2015,1.98530348
130,131,Malawi,Sub-Saharan Africa,4.292,0.04028374955,0.9297144092,2.892413272,2.648231474,0.5915016514,2015,0.0429225877
131,132,Sri Lanka,Southern Asia,4.271,2.097668265,2.917709355,3.609369523,3.263764629,0.7781845575,2015,2.235078688
132,133,Cameroon,Sub-Saharan Africa,4.252,1.061090037,0.9643283665,3.31263079,1.648189946,0.4905301068,2015,1.130598086
133,134,Bulgaria,Central and Eastern Europe,4.218,2.541995009,3.158482393,2.054867022,0.9529572388,0.07392710907,2015,2.708511619
134,135,Egypt,Middle East and Northern Africa,4.194,2.214601643,2.54297206,1.161426131,0.9025954352,0.5361410984,2015,2.359671935
135,136,Yemen,Middle East and Northern Africa,4.077,1.37248543,1.650920933,2.389697415,0.7299263944,0.6658526544,2015,1.46239183
136,137,Angola,Sub-Saharan Africa,4.033,1.903130906,0.6874579155,0.6976081065,0.9867715926,0.6037945766,2015,2.027797912
137,138,Mali,Sub-Saharan Africa,3.995,0.6548369612,0.8481655742,2.610454372,1.502700291,1.047187673,2015,0.6977328876
138,139,Congo (Brazzaville),Sub-Saharan Africa,3.989,1.704424531,1.279521413,2.785729752,0.9902889249,0.9907249961,2015,1.816075023
139,140,Comoros,Sub-Saharan Africa,3.956,0.6003886015,1.496435545,1.539588307,1.394222565,1.687098017,2015,0.639717819
140,141,Uganda,Sub-Saharan Africa,3.931,0.5299673835,1.395313342,3.07198824,2.32351775,0.6160875019,2015,0.5646835696
141,142,Senegal,Sub-Saharan Africa,3.904,0.9166311042,1.794156785,2.470381866,1.666176305,0.9082352288,2015,0.9766761882
142,143,Gabon,Sub-Saharan Africa,3.896,2.6627458,1.787233993,2.144016286,0.5453463873,0.9402816132,2015,2.837172343
143,144,Niger,Sub-Saharan Africa,3.845,0.1742950261,1.224139081,3.203999019,1.549784581,1.325855572,2015,0.1857124431
144,145,Cambodia,Southeastern Asia,3.819,1.156223979,2.518330219,4.45047637,3.226273064,0.614391926,2015,1.231963898
145,146,Tanzania,Sub-Saharan Africa,3.781,0.7162671679,1.57472902,2.208778826,2.748075749,0.4872237338,2015,0.7631871579
146,147,Madagascar,Sub-Saharan Africa,3.681,0.5229855366,1.925236544,1.288801417,1.705346596,0.688742929,2015,0.557244368
147,148,Central African Republic,Sub-Saharan Africa,3.678,0.1971492731,0.2760463092,3.283742935,1.905354902,0.7027314302,2015,0.2100637864
148,149,Chad,Sub-Saharan Africa,3.667,0.8587420502,0.6185184506,1.578822045,1.469765271,0.4466994698,2015,0.9149950382
149,150,Guinea,Sub-Saharan Africa,3.656,0.4374202406,0.9893410713,2.534405414,2.290822548,1.02912979,2015,0.4660740087
150,151,Ivory Coast,Sub-Saharan Africa,3.655,1.168680799,0.6257296917,3.148507465,1.611977411,1.519405561,2015,1.245236718
151,152,Burkina Faso,Sub-Saharan Africa,3.587,0.6482569473,1.11774237,2.653181525,1.738441496,1.087881495,2015,0.6907218415
152,153,Afghanistan,Southern Asia,3.575,0.8032137645,1.250017135,1.572977293,2.918586426,0.8239651067,2015,0.8558293017
153,154,Rwanda,Sub-Saharan Africa,3.465,0.5577440836,1.766300791,3.977185816,1.808868081,4.679026464,2015,0.5942798178
154,155,Benin,Sub-Saharan Africa,3.34,0.7199087786,1.314918305,3.254922261,1.45969291,0.6790781464,2015,0.767067317
155,156,Syria,Middle East and Northern Africa,3.006,1.665597425,2.974863591,1.053667714,3.771459573,1.602827895,2015,1.774704499
156,157,Burundi,Sub-Saharan Africa,2.905,0.03842527233,0.922874032,0.7960955376,1.576963967,0.8530442334,2015,0.04094236857
157,158,Togo,Sub-Saharan Africa,2.839,0.5240905771,1.172053317,2.448951108,1.333468644,0.9097612471,2015,0.5584217956
,1,Denmark,Western Europe,7.526,3.573510328,3.543333662,4.026505559,2.712504208,4.034643522,2016,4.326323471
1,2,Switzerland,Western Europe,7.509,3.78554948,3.846351442,4.06931337,2.105975938,3.739666998,2016,4.257547813
2,3,Iceland,Western Europe,7.501,3.536034794,3.865515679,3.934983013,3.575427155,1.359161063,2016,4.398891084
3,4,Norway,Western Europe,7.498,3.909749152,3.546676262,4.142420218,2.841788918,3.247101583,2016,4.189366971
4,5,Finland,Western Europe,7.413,3.484778573,3.614063066,3.968339749,1.911673917,3.721605358,2016,4.21814122
5,6,Canada,North America,7.404,3.569470307,3.688447045,3.986824941,3.362152377,2.843482935,2016,4.074864795
6,7,Netherlands,Western Europe,7.339,3.630268909,3.620302585,3.83678912,3.555779478,2.716234601,2016,3.825859737
7,8,New Zealand,Australia and New Zealand,7.334,3.372451111,3.703421891,4.040821158,3.704636874,3.803291165,2016,4.359930603
8,9,Australia,Australia and New Zealand,7.313,3.580078461,3.793627507,3.949785065,3.555104558,2.934426467,2016,4.107059238
9,10,Sweden,Western Europe,7.291,3.598370091,3.70453609,4.045755175,2.868710734,3.709170963,2016,4.043413872
10,11,Israel,Middle East and Northern Africa,7.267,3.315444676,3.784580205,2.531776298,2.421313645,0.7921708021,2016,3.700390631
11,12,Austria,Western Europe,7.119,3.594825778,3.590620302,3.77730294,2.464583528,1.937587338,2016,4.029249804
12,13,United States,North America,7.104,3.737540148,3.471846602,3.347001039,3.080410697,1.349449529,2016,3.895378915
13,14,Costa Rica,Latin America and Caribbean,7.087,2.649039454,3.393674344,3.837762025,1.691274983,0.9572668938,2016,3.797605953
15,16,Germany,Western Europe,6.994,3.588604641,3.631711991,3.715523484,2.283629928,2.591346078,2016,4.080961664
16,17,Brazil,Latin America and Caribbean,6.952,2.695512091,2.737143249,2.80926265,1.183060086,1.285734599,2016,3.864002345
17,18,Belgium,Western Europe,6.929,3.532887047,3.652748083,3.568753844,1.817785021,2.382321175,2016,3.912740122
18,19,Ireland,Western Europe,6.907,3.676691975,3.630285815,3.753188799,3.371826233,2.700532773,2016,4.318256272
19,20,Luxembourg,Western Europe,6.871,4.207372312,3.767867208,3.813091938,2.067580479,3.206530965,2016,3.866270083
20,21,Mexico,Latin America and Caribbean,6.778,2.7637711,3.170700678,2.620519116,0.8800209249,1.665936649,2016,2.656599199
21,22,Singapore,Southeastern Asia,6.739,4.078562555,4.221435665,3.389183412,2.452659938,4.26463445,2016,3.225318127
22,23,United Kingdom,Western Europe,6.725,3.47697117,3.609606267,3.477161805,3.761255178,2.486788245,2016,4.039993677
23,24,Chile,Latin America and Caribbean,6.705,3.0156404,3.649360916,2.626078572,2.369344791,1.039315749,2016,3.367665151
24,25,Panama,Latin America and Caribbean,6.701,2.932262293,3.156973737,3.400093845,1.813285553,0.7644883898,2016,3.677155612
25,26,Argentina,Latin America and Caribbean,6.65,2.85371734,3.106879313,2.938450511,0.8240775411,0.6621996072,2016,3.963411053
26,27,Czech Republic,Central and Eastern Europe,6.596,3.244781483,3.403924982,2.878269399,0.744586942,0.3617773622,2016,3.747083726
27,28,United Arab Emirates,Middle East and Northern Africa,6.573,3.900033272,3.253151464,3.906560294,1.99408917,3.227587751,2016,3.238552794
28,29,Uruguay,Latin America and Caribbean,6.545,2.928569267,3.21705139,3.779596215,1.354039865,1.94176239,2016,3.8344474
29,30,Malta,Western Europe,6.488,3.241485024,3.579478304,3.821709095,4.217276247,1.593236281,2016,4.084865147
30,31,Colombia,Latin America and Caribbean,6.481,2.553689995,2.658881854,3.108778346,1.171811417,0.4900240789,2016,3.798237946
31,32,France,Western Europe,6.478,3.457266772,3.734574917,3.235742424,0.9118921557,1.616289831,2016,3.736488558
32,33,Thailand,Southeastern Asia,6.474,2.699874322,2.893131222,3.443596589,4.401679438,0.2571287674,2016,3.884040226
33,34,Saudi Arabia,Middle East and Northern Africa,6.379,3.691860644,2.641411201,2.63407029,1.159137915,2.723586323,2016,3.153605562
35,36,Qatar,Middle East and Northern Africa,6.375,4.521527339,3.196550114,3.938805139,2.428812758,4.361023702,2016,3.27015242
36,37,Spain,Western Europe,6.361,3.327515169,3.917348254,2.609122231,1.324718333,0.5570064405,2016,4.198846859
37,38,Algeria,Middle East and Northern Africa,6.355,2.609060593,2.754480198,1.45977418,0.5282375284,1.466441756,2016,3.097097995
38,39,Guatemala,Latin America and Caribbean,6.324,2.068441308,2.408409737,3.500997973,2.160344508,0.7897202279,2016,3.238738674
39,40,Suriname,Latin America and Caribbean,6.269,2.71861209,2.269981553,3.62990786,1.249727202,1.1519514,2016,2.894748856
40,41,Kuwait,Middle East and Northern Africa,6.239,4.008147215,2.833142704,2.999743514,1.19723341,2.148245957,2016,3.262494158
41,42,Bahrain,Middle East and Northern Africa,6.218,3.569693376,2.927938824,3.292240397,1.285872927,2.339118459,2016,3.50930583
42,43,Trinidad and Tobago,Latin America and Caribbean,6.168,3.285850901,2.34463294,3.367154068,2.394841776,0.1126356514,2016,3.664404233
43,44,Venezuela,Latin America and Caribbean,6.084,2.809847171,2.758936997,1.37923156,0.3187123077,0.7536877109,2016,3.840358389
44,45,Slovakia,Central and Eastern Europe,6.078,3.171862817,3.136115916,1.625515464,1.037652283,0.2674756363,2016,4.024974561
45,46,El Salvador,Latin America and Caribbean,6.068,2.16550096,2.656252343,2.589942108,0.6656962719,0.9632571863,2016,3.010329137
46,47,Malaysia,Southeastern Asia,6.005,3.101695331,2.77952741,2.712389128,3.110182177,0.8242097907,2016,3.272420158
47,48,Nicaragua,Latin America and Caribbean,5.992,1.71971064,2.906412484,3.237132288,2.23271095,1.478694627,2016,3.328035501
48,49,Uzbekistan,Central and Eastern Europe,5.987,1.823982845,2.235664199,4.228522294,2.57414557,2.57155996,2016,4.34253222
49,50,Italy,Western Europe,5.977,3.358298644,3.792825283,1.308348495,1.251152033,0.2319876913,2016,3.872515656
50,51,Ecuador,Latin America and Caribbean,5.976,2.411768758,3.057943658,2.798491204,0.755460656,1.637074331,2016,3.196172118
51,52,Belize,Latin America and Caribbean,5.956,2.17159817,2.030918842,3.56020618,1.776089952,0.9775975835,2016,2.552320431
52,53,Japan,Eastern Asia,5.921,3.420559585,4.077570186,3.249571571,0.7667093257,1.723116714,2016,3.942666827
53,54,Kazakhstan,Central and Eastern Europe,5.919,3.047192223,2.557578808,2.815864504,1.125691871,1.010362668,2016,3.551946738
54,55,Moldova,Central and Eastern Europe,5.897,1.714580061,2.331307111,1.751367651,1.499597651,0.1727201004,2016,3.090517837
55,56,Russia,Central and Eastern Europe,5.856,3.054256063,2.629110436,2.271176795,0.205175735,0.3254725591,2016,3.913186234
56,57,Poland,Central and Eastern Europe,5.835,3.08788986,3.077776414,3.140397753,1.083096908,0.4991910416,2016,3.89177284
57,57,South Korea,Eastern Asia,5.835,3.369526433,3.95072968,1.749004882,1.411633054,0.7003196504,2016,2.683886406
58,59,Bolivia,Latin America and Caribbean,5.822,1.968506549,2.0933586,3.541443016,1.627157565,0.7030425106,2016,3.114570729
59,60,Lithuania,Central and Eastern Europe,5.813,3.145763784,2.882390336,1.315436802,0.1518570407,0.1651868538,2016,3.955938671
60,61,Belarus,Central and Eastern Europe,5.802,2.802287622,2.812418588,2.02162671,1.045526352,1.584432366,2016,3.903223058
62,63,Slovenia,Central and Eastern Europe,5.768,3.220789209,3.527601161,3.694536537,1.930121736,0.3299198975,2016,3.926272198
63,64,Peru,Latin America and Caribbean,5.743,2.468676051,2.807516109,2.606134023,1.089396163,0.4803125441,2016,3.020738426
64,65,Turkmenistan,Central and Eastern Europe,5.658,2.677245246,1.96125907,2.599601663,1.692324858,2.583722069,2016,3.859504045
65,66,Mauritius,Sub-Saharan Africa,5.648,2.834756504,2.949910844,3.20676376,2.77099729,0.4722347254,2016,2.814039692
66,67,Libya,Middle East and Northern Africa,5.615,2.644305441,2.331084271,2.826427471,1.281373459,0.9383883963,2016,3.534548355
67,68,Latvia,Central and Eastern Europe,5.56,3.018565078,2.850212245,1.945531655,1.308220284,0.8068742473,2016,3.532652378
68,69,Cyprus,Western Europe,5.546,3.268129336,3.782931189,2.050535882,2.092702508,0.4745037756,2016,2.628233887
69,70,Paraguay,Latin America and Caribbean,5.538,2.215146129,2.598091113,3.213018148,1.896975656,0.671275808,2016,4.130666018
70,71,Romania,Central and Eastern Europe,5.528,2.89914899,3.012885417,2.551234395,0.9665606904,0.06162740314,2016,2.706526609
71,72,Estonia,Central and Eastern Europe,5.517,3.171639748,3.034991142,2.884732266,0.6316502983,1.680821618,2016,3.909542983
72,73,Jamaica,Latin America and Caribbean,5.51,2.214154713,2.650413936,3.029695084,1.668177714,0.3897320605,2016,3.582728492
73,74,Croatia,Central and Eastern Europe,5.488,2.940763687,3.143113091,1.661373956,1.382386513,0.3632295543,2016,2.26063729
75,76,Somalia,Sub-Saharan Africa,5.44,2.940763687,0.5110166,3.945684966,2.041633548,2.829959396,2016,1.249597941
77,78,Turkey,Middle East and Northern Africa,5.389,2.887301566,2.884351328,1.660123078,0.3529832547,1.120729269,2016,3.260969941
78,79,Indonesia,Southeastern Asia,5.314,2.357191293,2.200500053,2.726704727,4.238573728,0.02922536644,2016,3.257549746
79,80,Jordan,Middle East and Northern Africa,5.303,2.470435815,2.70581195,2.503353579,1.069523514,1.206862415,2016,3.205168718
80,81,Azerbaijan,Central and Eastern Europe,5.291,2.785210477,2.429133854,2.454986311,0.4229499801,1.625910604,2016,2.826939775
81,82,Philippines,Southeastern Asia,5.279,2.012996354,2.096300087,3.811980047,1.625357778,1.067088923,2016,3.266918106
82,83,China,Eastern Asia,5.245,2.547444073,3.278466084,3.058534762,0.3718810198,0.2491417108,2016,2.951070544
83,84,Bhutan,Southern Asia,5.196,2.113451606,2.21765873,3.201829742,3.640519457,1.466714042,2016,3.376921982
85,86,Serbia,Central and Eastern Europe,5.177,2.563728085,2.878200945,1.092294133,1.555091088,0.3938163508,2016,3.023489453
86,87,Bosnia and Herzegovina,Central and Eastern Europe,5.163,2.314535609,3.153898545,0.6609498346,2.241409921,0.3938163508,2016,2.392909609
87,88,Montenegro,Central and Eastern Europe,5.161,2.672808659,2.831538257,1.05011176,1.289172537,1.154583498,2016,2.757457772
88,89,Dominican Republic,Latin America and Caribbean,5.155,2.547617571,2.57019155,3.63164519,1.596261219,1.122907558,2016,3.698866414
89,90,Morocco,Middle East and Northern Africa,5.151,2.083411694,2.650503072,1.782222633,0.3039390549,0.7627639116,2016,1.434808929
90,91,Hungary,Central and Eastern Europe,5.145,3.076909925,3.013152825,1.373880584,0.7424121991,0.4058876978,2016,3.463467783
91,92,Pakistan,Southern Asia,5.132,1.705632529,1.796357499,1.016129585,2.338598427,1.259776665,2016,0.971595579
92,93,Lebanon,Middle East and Northern Africa,5.129,2.782608009,3.394788544,1.822667676,1.776764872,0.2778225052,2016,2.386106395
93,94,Portugal,Western Europe,5.123,3.162791358,3.537049575,3.108222401,0.8767213152,0.1380490135,2016,3.508190549
94,95,Macedonia,Central and Eastern Europe,5.121,2.526376477,2.885242687,1.922737885,1.762816522,0.6395998673,2016,2.908503988
95,96,Vietnam,Southeastern Asia,5.061,1.835037136,2.948484669,3.888422568,1.880402616,1.048845759,2016,2.941256071
97,98,Tunisia,Middle East and Northern Africa,5.045,2.422129058,2.655227279,1.636773363,0.2951650925,0.7415256018,2016,1.604703393
98,99,Greece,Western Europe,5.033,3.095350267,3.566731858,0.4045894162,0.2951650925,0.3745748052,2016,2.805786613
99,100,Tajikistan,Central and Eastern Europe,4.996,1.210395323,2.367407185,3.016560869,1.94961943,1.22610396,2016,2.810582321
100,101,Mongolia,Eastern Asia,4.907,2.450111782,2.472141967,2.499809426,2.590118681,0.2981531949,2016,4.051555423
101,102,Laos,Southeastern Asia,4.876,1.686448624,1.706552994,3.625321309,3.230542942,2.035156496,2016,2.043566443
102,103,Nigeria,Sub-Saharan Africa,4.875,1.86425913,0.2276533048,1.93566362,1.741219076,0.2768241231,2016,2.397779669
103,104,Honduras,Latin America and Caribbean,4.871,1.720825983,2.602013096,1.859290592,1.532818722,0.6268024243,2016,2.810359265
104,105,Iran,Middle East and Northern Africa,4.813,2.769967452,2.862691283,1.566654723,2.890008215,0.5055443822,2016,1.44454905
105,106,Zambia,Sub-Saharan Africa,4.795,1.516916444,1.050601283,2.964718941,1.33979155,1.041857085,2016,2.370343758
106,107,Nepal,Southern Asia,4.793,1.106073547,2.23165308,2.572082355,2.861661568,0.636060149,2016,2.591132208
107,108,Palestinian Territories,Middle East and Northern Africa,4.754,1.661217081,2.533422956,1.233087358,0.8364510777,0.9632571863,2016,2.662881949
108,109,Albania,Central and Eastern Europe,4.655,2.367749876,3.253775416,2.214470343,1.26285065,0.4811294021,2016,1.86486126
109,110,Bangladesh,Southern Asia,4.643,1.342798964,2.361613346,2.764300549,1.434730323,1.142058341,2016,0.9200695995
110,111,Sierra Leone,Sub-Saharan Africa,4.635,0.9042955536,2.361613346,2.132398872,1.792063063,0.743885414,2016,2.334654768
111,112,Iraq,Middle East and Northern Africa,4.575,2.663786771,2.276354776,1.727323004,1.46900127,1.237630735,2016,2.201006935
112,113,Namibia,Sub-Saharan Africa,4.574,2.31215621,1.548514893,3.378342473,0.5845558679,0.9437433547,2016,2.615779917
113,114,Cameroon,Sub-Saharan Africa,4.513,1.301159481,0.5659243666,2.969861437,1.700798856,0.5560080584,2016,2.325063352
114,115,Ethiopia,Sub-Saharan Africa,4.508,0.7257910565,1.541072039,2.550608956,2.213888176,1.55838367,2016,1.410161221
115,116,South Africa,Sub-Saharan Africa,4.459,2.538422185,0.8294549052,2.952279658,1.024078888,0.7637622937,2016,3.570869338
116,117,Sri Lanka,Southern Asia,4.415,2.412066183,2.7635275,3.531435995,3.522933363,0.7228286283,2016,3.151895465
117,118,India,Southern Asia,4.404,1.83501235,2.009615342,2.799533602,1.876878032,0.79162623,2016,1.087287388
118,119,Myanmar,Southeastern Asia,4.395,0.8454797841,1.777371534,2.966803737,6.147098018,1.837295319,2016,2.601615849
119,120,Egypt,Middle East and Northern Africa,4.362,2.364403846,2.322705488,1.309738359,0.9528373134,0.9432895447,2016,1.851849649
120,121,Armenia,Central and Eastern Europe,4.36,2.133676498,2.856050652,0.9754760623,0.5844058857,0.3281954194,2016,2.32264691
121,122,Kenya,Sub-Saharan Africa,4.356,1.295458838,1.343591265,2.819756123,3.099233471,0.6068347826,2016,2.834300629
122,123,Ukraine,Central and Eastern Europe,4.324,2.163443771,2.612932254,0.8936130715,1.527044405,0.1660037118,2016,3.770132866
123,124,Ghana,Sub-Saharan Africa,4.276,1.564132644,1.32282258,2.847344924,1.590036955,0.2958841447,2016,1.834748675
124,125,Congo (Kinshasa),Sub-Saharan Africa,4.272,0.1403101858,0.8378782558,1.084232922,1.909124219,0.551379196,2016,2.999213504
125,126,Georgia,Central and Eastern Europe,4.252,2.076818776,2.853911389,2.255818797,0.5088898165,2.893492801,2016,0.7156014272
126,127,Congo (Brazzaville),Sub-Saharan Africa,4.236,1.911177904,1.2573522,2.636433059,0.9056678918,0.8852018598,2016,1.776977122
127,128,Senegal,Sub-Saharan Africa,4.219,1.098340501,1.803087266,2.15818085,1.43255558,1.06019101,2016,2.878019642
128,129,Bulgaria,Central and Eastern Europe,4.217,2.758764448,3.021977288,1.474576232,0.9593615418,0.05581863465,2016,3.440344292
129,130,Mauritania,Sub-Saharan Africa,4.201,1.521600886,1.276382732,0.8811737885,1.701248803,1.629631846,2016,3.128065629
130,131,Zimbabwe,Sub-Saharan Africa,4.193,0.8685054267,0.7108594777,1.767142608,1.387560901,0.778919549,2016,2.657268368
131,132,Malawi,Sub-Saharan Africa,4.156,0.2158561046,1.308694527,2.879103317,2.322325352,0.6865238253,2016,0.5464876606
132,133,Sudan,Sub-Saharan Africa,4.139,1.563190798,1.326298884,2.879103317,1.355614679,0.911159794,2016,3.045757895
133,134,Gabon,Sub-Saharan Africa,4.121,2.87141412,1.557205652,1.952619961,0.4682446234,0.8453573385,2016,2.690355036
134,135,Mali,Sub-Saharan Africa,4.073,0.775584938,0.7285529706,1.914120728,1.579613188,1.238629117,2016,3.209518313
135,136,Haiti,Latin America and Caribbean,4.028,0.845108003,1.225352381,0.8389219223,3.596424671,1.313870822,2016,1.098960662
136,137,Botswana,Sub-Saharan Africa,3.974,2.712167884,1.548826869,3.063885738,0.9317648055,0.9774160595,2016,3.315581531
137,138,Comoros,Sub-Saharan Africa,3.956,0.6818217455,1.336192978,1.071029214,1.370087968,1.673379134,2016,2.242569738
138,139,Ivory Coast,Sub-Saharan Africa,3.916,1.375763555,0.1994863337,2.825802032,1.525169627,1.409533978,2016,2.14044718
139,140,Cambodia,Southeastern Asia,3.907,1.378167739,1.893872266,4.089813865,3.025067243,0.7344461652,2016,1.998211684
140,141,Angola,Sub-Saharan Africa,3.866,2.100092272,0.2224388497,0.04093149538,0.905217945,0.7654867718,2016,2.467224496
141,142,Niger,Sub-Saharan Africa,3.856,0.3289023433,1.165987815,2.643590859,1.572564022,1.558928242,2016,2.250265177
142,143,South Sudan,Sub-Saharan Africa,3.832,0.9763963009,0.703327487,1.366375318,1.942195308,1.181267529,2016,0.6884629243
143,144,Chad,Sub-Saharan Africa,3.763,1.046291147,0.1704280027,0.8899994251,1.399859447,0.4494534615,2016,2.348707308
144,145,Burkina Faso,Sub-Saharan Africa,3.739,0.7930090787,0.9491645326,2.318988117,1.826259019,1.137520241,2016,2.34409748
145,145,Uganda,Sub-Saharan Africa,3.739,0.8605245258,0.8746468495,3.033586703,2.032409639,0.5846888528,2016,3.382312507
146,147,Yemen,Middle East and Northern Africa,3.724,1.436041663,1.383747026,1.589309507,0.7364878998,0.5347697486,2016,1.765601256
147,148,Madagascar,Sub-Saharan Africa,3.695,0.6928512513,1.653873627,0.9509449623,1.652804532,0.6812596288,2016,1.714372685
148,149,Tanzania,Sub-Saharan Africa,3.666,1.16875584,1.591077326,2.207104063,2.360120882,0.4627954766,2016,2.88571508
149,150,Liberia,Sub-Saharan Africa,3.622,0.2653525612,1.032417542,1.789310939,1.804511591,0.4403772607,2016,1.871924706
150,151,Guinea,Sub-Saharan Africa,3.607,0.5555648851,0.8391707276,2.15102305,2.2432847,1.08188313,2016,1.155802814
151,152,Rwanda,Sub-Saharan Africa,3.515,0.8141014596,1.420159076,3.774870678,1.766191123,4.585387384,2016,2.289523066
152,153,Benin,Sub-Saharan Africa,3.484,0.9789987686,0.9371757427,2.76214626,1.513321028,0.6063809726,2016,0.3873370705
153,154,Afghanistan,Southern Asia,3.36,0.9474717316,0.772987259,1.141773292,2.344822691,0.6454993978,2016,0.4103118579
154,155,Togo,Sub-Saharan Africa,3.303,0.697039985,1.105776458,2.409885224,1.313619646,1.051659382,2016,0.4103118579
155,156,Syria,Middle East and Northern Africa,3.069,1.851940783,2.807516109,0.4803370052,3.629345778,1.564101676,2016,0.5526588818
156,157,Burundi,Sub-Saharan Africa,2.905,0.1693091113,0.7018121752,0.3002106283,1.521570053,0.8548873493,2016,0.8714805266
,1,Norway,Western Europe,7.537000179,3.848617237,3.399901682,4.295840406,2.696941318,3.105031719,2017,5.515537189
1,2,Denmark,Western Europe,7.521999836,3.529387412,3.382400101,4.232183473,2.646790718,3.93843737,2017,5.578831036
2,3,Iceland,Western Europe,7.504000187,3.525220877,3.557316959,4.239998142,3.542709161,1.508732281,2017,5.792660162
3,4,Switzerland,Western Europe,7.493999958,3.726040495,3.662212486,4.192051543,2.164552113,3.606644614,2017,5.455790418
4,5,Finland,Western Europe,7.468999863,3.436982573,3.453209732,4.177720956,1.828812852,3.759990375,2017,5.539718017
5,6,Netherlands,Western Europe,7.376999855,3.580723213,3.459775337,3.957552638,3.505084444,2.777767066,2017,5.13938464
6,7,Canada,North America,7.315999985,3.521819531,3.561608221,4.131411194,3.244710957,2.824050019,2017,5.327883879
7,8,New Zealand,Australia and New Zealand,7.31400013,3.346828173,3.485652636,4.151430818,3.724969336,3.762006511,2017,5.568305571
8,9,Sweden,Western Europe,7.28399992,3.557968197,3.545892588,4.143737038,2.871171358,3.777553361,2017,5.316422018
9,10,Australia,Australia and New Zealand,7.28399992,3.534225191,3.601421818,4.067229199,3.558793632,2.959785057,2017,5.431082224
10,11,Israel,Middle East and Northern Africa,7.212999821,3.27463103,3.578023123,2.744728128,2.459070326,0.837688987,2017,4.950024035
11,12,Costa Rica,Latin America and Caribbean,7.078999996,2.642085987,3.241327229,3.92204028,1.598839003,0.9837649176,2017,5.094298659
12,13,Austria,Western Europe,7.006000042,3.540611513,3.479544393,3.838442301,2.357675218,2.172398773,2017,5.250901226
13,14,United States,North America,6.993000031,3.681469637,3.304391986,3.419111341,2.924657856,1.332946034,2017,5.106947738
14,15,Ireland,Western Europe,6.977000237,3.656344976,3.455876826,3.874571999,3.187485588,2.932312434,2017,5.604401453
15,16,Germany,Western Europe,6.951000214,3.542578413,3.409649993,3.802916645,2.505159011,2.719493029,2017,5.296130411
16,17,Belgium,Western Europe,6.890999794,3.48509754,3.491337858,3.649176037,1.724667987,2.469992793,2017,5.259417124
17,18,Luxembourg,Western Europe,6.862999916,4.147372004,3.606554543,4.033564832,2.10965932,3.133241502,2017,5.242408481
18,19,United Kingdom,Western Europe,6.714000225,3.432368447,3.436899886,3.435671525,3.671099626,2.608407908,2017,5.382233075
19,20,Chile,Latin America and Caribbean,6.65199995,2.982739409,3.497260664,2.548039681,2.433590056,0.8086583545,2017,4.618179708
20,21,United Arab Emirates,Middle East and Northern Africa,6.647999763,3.872140848,3.101727683,4.11278139,2.688967799,3.188815547,2017,4.554825836
21,22,Brazil,Latin America and Caribbean,6.635000229,2.636483586,2.631235747,2.957451495,1.209484359,1.091727943,2017,5.147897107
22,23,Czech Republic,Central and Eastern Europe,6.609000206,3.22058471,3.219710412,3.319092604,0.6563832212,0.3623566867,2017,5.157173614
23,24,Argentina,Latin America and Caribbean,6.598999977,2.822055332,2.96660865,3.343248446,0.8154400296,0.5870742976,2017,5.180788916
24,25,Mexico,Latin America and Caribbean,6.578000069,2.745601113,3.029948892,2.790304093,0.9013620636,1.304794385,2017,4.355039237
25,26,Singapore,Southeastern Asia,6.572000027,4.029123009,4.052110611,3.717254284,2.577398921,4.562833598,2017,4.869187318
26,27,Malta,Western Europe,6.52699995,3.198198382,3.507778452,3.980420811,4.281663642,1.50420696,2017,5.353285797
27,28,Uruguay,Latin America and Caribbean,6.453999996,2.898872845,3.069372791,3.917041519,1.30444801,1.749845084,2017,5.07927986
28,29,Guatemala,Latin America and Caribbean,6.453999996,2.076138666,2.305560536,3.591980622,2.111949489,0.7588866295,2017,4.515892036
29,30,Panama,Latin America and Caribbean,6.452000141,2.937416418,3.013634213,3.718513545,1.568620203,0.6975714033,2017,4.938883738
30,31,France,Western Europe,6.441999912,3.406868003,3.603893045,3.178985456,0.966711317,1.695211454,2017,4.991338273
31,32,Thailand,Southeastern Asia,6.423999786,2.685328832,2.762196046,3.922507315,4.262238388,0.3106638638,2017,5.128066839
33,34,Spain,Western Europe,6.402999878,3.296095782,3.793781497,2.76360797,1.416468927,0.6968852028,2017,5.510384432
34,35,Qatar,Middle East and Northern Africa,6.375,4.454082923,3.030457128,4.084290267,2.461984824,4.317070416,2017,4.583191296
35,36,Colombia,Latin America and Caribbean,6.356999874,2.549031474,2.539376804,3.228103268,1.110137304,0.4586218671,2017,5.043151822
36,37,Saudi Arabia,Middle East and Northern Africa,6.343999863,3.644242724,2.518552357,3.040585462,1.099718976,2.687066465,2017,4.627720326
37,38,Trinidad and Tobago,Latin America and Caribbean,6.168000221,3.241235455,2.219111838,3.506257011,2.423413844,0.08809881172,2017,4.964189615
38,39,Kuwait,Middle East and Northern Africa,6.105000019,3.88787633,2.697612178,3.355541851,1.700727558,2.114410433,2017,4.530687025
39,40,Slovakia,Central and Eastern Europe,6.09800005,3.155613156,3.041701658,1.999904697,1.01723758,0.2379242624,2017,5.413161194
40,41,Bahrain,Middle East and Northern Africa,6.086999893,3.543742375,2.787349656,3.628733301,1.28635645,2.525998239,2017,4.758756335
41,42,Malaysia,Southeastern Asia,6.084000111,3.07423885,2.640761483,2.719554199,3.103679157,0.6446696022,2017,4.620413512
42,43,Nicaragua,Latin America and Caribbean,6.071000099,1.755426571,2.787191436,3.025720747,2.247431375,1.284293595,2017,4.629655718
43,44,Ecuador,Latin America and Caribbean,6.007999897,2.382840929,2.926062206,3.077414705,1.118317193,1.377127626,2017,4.625890407
44,45,El Salvador,Latin America and Caribbean,6.002999783,2.166094673,2.543604472,2.923640247,0.5830112149,0.8842585892,2017,4.251682254
45,46,Poland,Central and Eastern Europe,5.97300005,3.075601773,2.985122888,3.517826895,1.18054963,0.5828281571,2017,5.199710227
46,47,Uzbekistan,Central and Eastern Europe,5.971000195,1.872427875,2.126458108,4.450158461,3.099020889,2.422675853,2017,5.571089466
47,48,Italy,Western Europe,5.964000225,3.321496888,3.640929914,1.733761682,1.287259085,0.2754369436,2017,5.196873596
48,49,Russia,Central and Eastern Europe,5.962999821,3.051769645,2.335900798,2.526999552,0.38935828,0.3239319819,2017,5.284484614
49,50,Belize,Latin America and Caribbean,5.955999851,2.161787219,1.921265343,3.701493983,1.788083473,0.9491190384,2017,3.889474048
50,51,Japan,Eastern Asia,5.920000076,3.373515853,3.898404337,3.418334025,0.8982505195,1.609305325,2017,5.165994784
51,52,Lithuania,Central and Eastern Europe,5.90199995,3.129872881,2.684144434,1.583548313,0.07572529253,0.1166057422,2017,5.299711787
52,53,Algeria,Middle East and Northern Africa,5.872000217,2.599606627,2.635641222,1.577490967,0.5172934585,1.435711961,2017,4.122535332
53,54,Latvia,Central and Eastern Europe,5.849999905,3.001700834,2.725186649,2.201982175,1.140386077,0.7256653559,2017,5.052258541
54,55,South Korea,Eastern Asia,5.837999821,3.337238898,3.841807506,1.743706214,1.539695576,0.6218898233,2017,4.058000673
55,56,Moldova,Central and Eastern Europe,5.837999821,1.735359084,2.515636995,1.62747374,1.555375742,0.09916882935,2017,4.502370014
56,57,Romania,Central and Eastern Europe,5.824999809,2.89916859,2.924022649,3.089621272,0.9947050009,0.0431206656,2017,4.136468099
57,58,Bolivia,Latin America and Caribbean,5.822999954,1.985080714,2.021292819,3.77737199,1.680396339,0.5943251647,2017,4.4153078
58,59,Turkmenistan,Central and Eastern Europe,5.822000027,2.692252433,1.868066037,2.827770824,1.861906742,2.54789486,2017,5.370324881
59,60,Kazakhstan,Central and Eastern Europe,5.818999767,3.058384162,2.586379218,2.957455122,1.504607141,1.172213732,2017,4.979081503
61,62,Slovenia,Central and Eastern Europe,5.757999897,3.193260697,3.37498591,3.870958223,1.807702331,0.4434903469,2017,5.22419204
62,63,Peru,Latin America and Caribbean,5.715000153,2.464755068,2.689334647,3.042291206,0.9447894125,0.4623595807,2017,4.383482301
63,64,Mauritius,Sub-Saharan Africa,5.629000187,2.831817172,2.722798856,3.321128576,2.688906742,0.4145255009,2017,4.350359395
64,65,Cyprus,Western Europe,5.620999813,3.228336225,3.60495505,2.400768449,2.02080719,0.4052527877,2017,4.0691101
65,66,Estonia,Central and Eastern Europe,5.611000061,3.144865312,2.966741942,3.239217804,0.7367229259,1.800819125,2017,5.311059172
66,67,Belarus,Central and Eastern Europe,5.568999767,2.753633614,2.721547599,1.997084155,1.15575308,1.536123193,2017,5.196952486
67,68,Libya,Middle East and Northern Africa,5.525000095,2.623269312,2.219904462,3.14863788,1.132927874,0.9100966904,2017,4.882674611
68,69,Turkey,Middle East and Northern Africa,5.5,2.852956662,2.721083878,2.033188063,0.3478567325,0.9794900024,2017,4.811420959
69,70,Paraguay,Latin America and Caribbean,5.493000031,2.220266585,2.472044951,3.201198611,1.669891533,0.8949206169,2017,5.421166017
71,72,Philippines,Southeastern Asia,5.429999828,2.042085472,1.997303471,3.956404595,1.441648355,0.9761518403,2017,4.509894206
72,73,Serbia,Central and Eastern Europe,5.394999981,2.545925021,2.77732764,1.411043009,1.639907522,0.4019685873,2017,4.525259866
73,74,Jordan,Middle East and Northern Africa,5.335999966,2.359489174,2.580184743,2.828779643,1.28264622,1.177327654,2017,4.456560727
74,75,Hungary,Central and Eastern Europe,5.323999882,3.061849936,2.935140501,1.18894359,0.5840815888,0.3600375749,2017,4.830770595
75,76,Jamaica,Latin America and Caribbean,5.31099987,2.20370035,2.735665518,3.206603358,1.741914415,0.543126125,2017,4.920992292
76,77,Croatia,Central and Eastern Europe,5.293000221,2.910769041,2.992860895,1.729175152,1.847588022,0.4235817813,2017,3.481489568
78,79,China,Eastern Asia,5.272999763,2.574134281,3.164109195,3.196330411,0.2146069987,0.2240033129,2017,4.175118064
79,80,Pakistan,Southern Asia,5.269000053,1.730628023,1.715803199,1.590197209,2.350029405,1.221990143,2017,2.419428441
80,81,Indonesia,Southeastern Asia,5.262000084,2.370265542,2.101164084,2.997134323,4.557114946,0.1505241624,2017,4.58372295
81,82,Venezuela,Latin America and Caribbean,5.25,2.686667914,2.633761665,1.041113548,0.4843872893,0.6337655152,2017,5.148010727
82,83,Montenegro,Central and Eastern Europe,5.236999989,2.669282279,2.848512216,1.318243763,1.474409876,0.8665031865,2017,4.453998497
83,84,Morocco,Middle East and Northern Africa,5.235000134,2.090692164,2.550825849,2.759396801,0.2399597305,0.862464107,2017,2.786910955
84,85,Azerbaijan,Central and Eastern Europe,5.234000206,2.7465962,2.307847089,2.691773903,0.3372503513,1.778595804,2017,4.144772621
85,86,Dominican Republic,Latin America and Caribbean,5.230000019,2.56986784,2.453365626,3.735840971,1.392884734,1.11975988,2017,5.043992607
86,87,Greece,Western Europe,5.227000237,3.070124822,3.457653363,0.647201066,1.392884734,0.425416189,2017,4.457732081
87,88,Lebanon,Middle East and Northern Africa,5.224999905,2.559424539,3.137076028,1.950542286,1.970121737,0.3686549491,2017,4.062855447
88,89,Portugal,Western Europe,5.195000172,3.131284621,3.396389562,3.369926436,0.7085021123,0.15595187,2017,4.916766071
89,90,Bosnia and Herzegovina,Central and Eastern Europe,5.18200016,2.339006452,3.00949532,1.38188891,2.450017552,0.15595187,2017,3.846019902
90,91,Honduras,Latin America and Caribbean,5.181000233,1.739412516,2.486208404,2.353230051,1.759574585,0.7207785566,2017,4.114362008
91,92,Macedonia,Central and Eastern Europe,5.175000191,2.534640466,2.752419499,2.203321222,1.890484236,0.5923603922,2017,4.344360279
92,93,Somalia,Sub-Saharan Africa,5.151000023,0.0539108779,0.4864668685,4.070741831,2.17261311,2.775295514,2017,2.593724156
93,94,Vietnam,Southeastern Asia,5.073999882,1.877443186,2.783235438,3.860680642,1.750479626,0.8611871092,2017,4.594680598
94,95,Nigeria,Sub-Saharan Africa,5.073999882,1.866035593,0.2428969791,2.670117844,1.720524812,0.2567011864,2017,4.372692725
95,96,Tajikistan,Central and Eastern Europe,5.040999889,1.249284216,2.258595514,3.188075706,1.854998157,1.43847375,2017,4.57299983
96,97,Bhutan,Southern Asia,5.011000156,2.108076947,2.116244168,3.390697587,3.531641083,1.703839335,2017,4.819957008
98,99,Nepal,Southern Asia,4.961999893,1.14239797,2.151458713,2.9767341,2.935962168,0.7171434216,2017,4.241461204
99,100,Mongolia,Eastern Asia,4.954999924,2.445733189,2.380430205,2.664651243,2.521511908,0.3233365353,2017,5.369828814
100,101,South Africa,Sub-Saharan Africa,4.828999996,2.511119126,0.7983941128,3.239997337,1.03823054,0.7125634796,2017,4.980590714
101,102,Tunisia,Middle East and Northern Africa,4.804999828,2.398186721,2.616980467,1.958416392,0.3702086682,0.8522435115,2017,3.123150432
102,103,Palestinian Territories,Middle East and Northern Africa,4.775000095,1.705308942,2.414074255,1.722000591,0.8505744236,0.8773957051,2017,4.156450575
103,104,Egypt,Middle East and Northern Africa,4.735000134,2.356368813,2.2199823,1.907235004,0.9582865358,1.124045631,2017,3.587548769
104,105,Bulgaria,Central and Eastern Europe,4.714000225,2.765303603,3.022432189,1.95538107,0.8431582382,0.1086053225,2017,5.158951225
105,106,Sierra Leone,Sub-Saharan Africa,4.709000111,0.8771688402,0.02374847701,2.154588844,2.183114363,0.6986646968,2017,3.539586282
106,107,Cameroon,Sub-Saharan Africa,4.695000172,1.343547676,0.5671383572,2.909687841,1.760390964,0.5041992169,2017,3.40249006
107,108,Iran,Middle East and Northern Africa,4.691999912,2.754384896,2.728456606,1.68557139,2.884906379,0.4791835752,2017,2.559196011
108,109,Albania,Central and Eastern Europe,4.644000053,2.371823026,3.120341125,2.579161148,1.499753714,0.3917526046,2017,2.890569137
109,110,Bangladesh,Southern Asia,4.607999802,1.396826252,2.275691371,3.233979885,1.283278653,1.215796986,2017,2.644006627
110,111,Namibia,Sub-Saharan Africa,4.573999882,2.296209778,1.445080046,3.517566178,0.5746357783,0.915371546,2017,3.950807635
111,112,Kenya,Sub-Saharan Africa,4.552999973,1.334438631,1.322924847,3.060956471,3.314148046,0.63524152,2017,3.841037789
112,113,Mozambique,Sub-Saharan Africa,4.550000191,0.5578554291,0.4551648562,3.250438119,2.400555002,1.763352663,2017,3.131600945
113,114,Myanmar,Southeastern Asia,4.545000076,0.8740489767,1.696491122,3.478276844,6.243544544,1.85552978,2017,4.039878987
114,115,Senegal,Sub-Saharan Africa,4.534999847,1.141180933,1.747021427,2.554982741,1.36681799,1.134649963,2017,4.242930971
115,116,Zambia,Sub-Saharan Africa,4.513999939,1.515213043,1.100355907,3.12071836,1.859337711,0.7686182009,2017,3.608106846
116,117,Iraq,Middle East and Northern Africa,4.497000217,2.625429779,2.13886779,1.950809652,1.487270126,1.053627924,2017,3.519722571
117,118,Gabon,Sub-Saharan Africa,4.465000153,2.852803965,1.52175614,2.111529788,0.3261950392,0.7473250435,2017,4.156353677
118,119,Ethiopia,Sub-Saharan Africa,4.460000038,0.8076776741,1.508232434,2.764023828,2.329204961,1.625962162,2017,3.109906672
119,120,Sri Lanka,Southern Asia,4.440000057,2.40433974,2.667845779,3.794140505,3.656865941,0.723810374,2017,4.531685592
120,121,Armenia,Central and Eastern Europe,4.375999928,2.144219653,2.720737423,1.340649838,0.6219747875,0.2621341932,2017,3.623559543
121,122,India,Southern Asia,4.315000057,1.886189788,1.943610174,3.177395967,1.724929863,0.9063296895,2017,2.713209123
122,123,Mauritania,Sub-Saharan Africa,4.291999817,1.543903952,1.217773676,0.649680802,1.503903882,1.345900376,2017,4.575041124
123,124,Congo (Brazzaville),Sub-Saharan Africa,4.290999889,1.926053,1.237439711,2.941037587,0.9003317094,0.7824212876,2017,2.992566758
124,125,Georgia,Central and Eastern Europe,4.285999775,2.263301955,2.772045598,2.091798685,0.4023582378,2.473171926,2017,2.052298362
125,126,Congo (Kinshasa),Sub-Saharan Africa,4.28000021,0.2192853451,0.8168600829,1.595241202,1.83606202,0.5920023188,2017,4.420358943
126,127,Mali,Sub-Saharan Africa,4.190000057,1.133732258,0.722795095,2.072894061,1.365963534,1.031560924,2017,4.609002672
127,128,Ivory Coast,Sub-Saharan Africa,4.179999828,1.435791729,0.2075882366,3.026764221,1.49919144,1.278139755,2017,3.254171006
128,129,Cambodia,Southeastern Asia,4.168000221,1.432735087,1.834169395,4.282003046,2.875072972,0.6692890604,2017,3.619080358
129,130,Sudan,Sub-Saharan Africa,4.138999939,1.570235149,1.241551131,0.1013810373,1.358239902,0.882947252,2017,4.366355751
130,131,Ghana,Sub-Saharan Africa,4.119999886,1.588587346,1.261681269,2.859913199,1.914048002,0.2489849264,2017,3.142260395
131,132,Ukraine,Central and Eastern Europe,4.096000195,2.13006578,2.457762198,0.8313837452,2.011920712,0.226314627,2017,5.015654158
132,133,Uganda,Sub-Saharan Africa,4.080999851,0.9081436805,0.9287819464,2.996204686,2.426912264,0.5608340823,2017,4.063587329
133,134,Burkina Faso,Sub-Saharan Africa,4.032000065,0.833852839,0.9211498855,2.19292255,1.868907355,1.182485288,2017,3.75230601
134,135,Niger,Sub-Saharan Africa,4.027999878,0.3855260207,1.145888049,2.458552392,1.70358866,1.361780515,2017,3.5715567
135,136,Malawi,Sub-Saharan Africa,3.970000029,0.5557992666,1.344695177,3.156625017,2.139380455,0.7145501078,2017,1.843527238
136,137,Chad,Sub-Saharan Africa,3.936000109,1.042859713,0.1755489737,1.097530136,1.610018426,0.5265585039,2017,3.430679302
137,138,Zimbabwe,Sub-Saharan Africa,3.875,0.8948483745,0.8397207806,2.274160373,1.409092983,0.9372705104,2017,3.895509608
138,139,Lesotho,Sub-Saharan Africa,3.808000088,1.240493054,0.8397207806,2.641106293,1.173332988,1.170363802,2017,4.280347841
139,140,Angola,Sub-Saharan Africa,3.795000076,2.043821055,0.2128225042,2.641106293,0.7295388658,0.6851538971,2017,3.972175841
140,141,Afghanistan,Southern Asia,3.79399991,0.9558721505,0.7713657786,0.7178376776,2.323395502,0.6010086644,2017,2.091603891
141,142,Botswana,Sub-Saharan Africa,3.766000032,2.671580117,1.45849628,3.415432286,0.7401322586,0.9687942943,2017,4.393497549
142,143,Benin,Sub-Saharan Africa,3.657000065,1.026365925,0.8959107428,2.879765593,1.549187401,0.5987600616,2017,1.565618252
143,144,Madagascar,Sub-Saharan Africa,3.644000053,0.7280961417,1.601325465,1.279084385,1.555028609,0.6607003512,2017,3.283808577
144,145,Haiti,Latin America and Caribbean,3.602999926,0.8776196236,1.183512264,0.2053185751,3.644500803,0.9814610351,2017,2.303469541
145,146,Yemen,Middle East and Northern Africa,3.592999935,1.408731814,1.323319887,1.686525406,0.7757184698,0.5578633655,2017,3.364236263
146,147,South Sudan,Sub-Saharan Africa,3.59100008,0.9458043482,0.6977026616,0.9942308728,2.128208248,1.147750229,2017,2.16274478
147,148,Liberia,Sub-Saharan Africa,3.532999992,0.2834251352,0.9812126668,2.250477812,1.98575994,0.3827512378,2017,3.136697107
148,149,Guinea,Sub-Saharan Africa,3.506999969,0.5822459091,0.8284771411,2.356662091,1.97283597,1.090203321,2017,2.845824873
149,150,Togo,Sub-Saharan Africa,3.494999886,0.7272295563,1.054562524,2.571910427,1.46684921,0.940116793,2017,1.553327396
150,151,Rwanda,Sub-Saharan Africa,3.470999956,0.8779425443,1.393070058,3.933615807,1.882997613,4.473526485,2017,3.4013708
151,152,Syria,Middle East and Northern Africa,3.461999893,1.850314302,2.13610607,0.5512558852,3.677726796,1.487314653,2017,1.424639776
152,153,Tanzania,Sub-Saharan Africa,3.348999977,1.216957097,1.555601654,2.636755699,2.639161113,0.6489385135,2017,3.747665613
153,154,Burundi,Sub-Saharan Africa,2.904999971,0.2181430425,0.6470232948,0.4049652641,1.523013974,0.8269365348,2017,2.265142856
154,155,Central African Republic,Sub-Saharan Africa,2.693000078,0.2181430425,0.08011543867,1.831055782,2.092491154,0.5558748702,2017,2.265142856
,1,Finland,Western Europe,7.632,3.492314811,3.583900511,4.256553741,2.055570105,4.106034091,2018,5.459525228
1,2,Norway,Western Europe,7.594,3.89640641,3.530593067,4.287805971,2.910361633,3.552294125,2018,5.425231728
2,3,Denmark,Western Europe,7.555,3.615415563,3.559297075,4.269054633,2.890009454,4.26275295,2018,5.452666528
3,4,Iceland,Western Europe,7.495,3.594006736,3.747923418,4.231551957,3.592159638,1.441813498,2018,5.637851429
4,5,Switzerland,Western Europe,7.487,3.800066691,3.801230863,4.125294375,2.605078945,3.729908831,2018,5.312063177
5,6,Netherlands,Western Europe,7.441,3.642176596,3.600302802,3.987784562,3.388637846,3.08213755,2018,5.102872826
6,7,Canada,North America,7.328,3.559217394,3.67411311,4.081541252,3.26652477,3.040345854,2018,5.253764227
7,8,New Zealand,Australia and New Zealand,7.324,3.393298989,3.592101657,4.181548389,3.714272714,4.064242396,2018,5.490389378
8,9,Sweden,Western Europe,7.314,3.626119976,3.743822845,4.119043929,2.900185544,4.001554853,2018,5.147454377
9,10,Australia,Australia and New Zealand,7.272,3.585978427,3.731521127,4.044038576,3.673568355,3.155273017,2018,5.394367578
10,11,United Kingdom,Western Europe,7.19,3.329072509,3.641308529,2.900206954,2.666135482,0.8567297595,2018,4.914258575
11,12,Austria,Western Europe,7.139,3.58865453,3.653610247,3.856525196,2.46261369,2.340334953,2018,5.157742427
12,13,Costa Rica,Latin America and Caribbean,7.072,2.702864336,3.350167869,3.950281886,1.455180817,1.055240314,2018,5.003421676
13,14,Ireland,Western Europe,6.977,3.874997583,3.592101657,3.837773858,3.124059516,3.197064712,2018,5.428661078
14,15,Germany,Western Europe,6.965,3.585978427,3.530593067,3.662761369,2.778072468,2.925418691,2018,5.054861926
15,16,Belgium,Western Europe,6.927,3.543160774,3.665911965,3.644010031,1.91310485,2.507501735,2018,5.085726076
16,17,Luxembourg,Western Europe,6.91,4.217538806,3.67411311,3.950281886,1.994513567,3.353783571,2018,5.212612027
17,18,United States,North America,6.886,3.741192418,3.358369014,3.418993974,2.961242082,1.389573878,2018,5.044573876
18,19,Israel,Middle East and Northern Africa,6.814,3.481610398,3.620805665,3.33148773,3.602335728,2.8418353,2018,5.346356678
20,21,Czech Republic,Central and Eastern Europe,6.711,3.299635373,3.501889058,3.39399219,0.6512697362,0.3552294125,2018,5.106302176
21,22,Malta,Western Europe,6.627,3.398651195,3.624906238,4.031537684,3.8262097,1.483605193,2018,5.229758777
22,23,France,Western Europe,6.489,3.460201571,3.723319982,3.250231931,0.9972567835,1.838834606,2018,5.027427126
23,24,Mexico,Latin America and Caribbean,6.488,2.777795229,3.1205358,2.993963645,0.7021501843,0.9925527702,2018,4.293546222
24,25,Chile,Latin America and Caribbean,6.476,3.026672836,3.313262715,2.693942236,2.004689657,0.6373233577,2018,4.564464874
26,27,Panama,Latin America and Caribbean,6.43,2.975826873,3.112334654,3.731516275,1.272011203,0.6582192055,2018,4.931405325
27,28,Brazil,Latin America and Caribbean,6.419,2.638637857,2.76788655,3.081469889,1.119369859,0.9194173029,2018,5.054861926
28,29,Argentina,Latin America and Caribbean,6.388,2.871458845,3.050826064,3.562754233,0.6309175569,0.5641878904,2018,5.034285826
29,30,Guatemala,Latin America and Caribbean,6.382,2.09003668,2.493148182,3.775269397,1.821520043,0.7418025967,2018,4.348415822
30,31,Uruguay,Latin America and Caribbean,6.379,2.924980911,3.161541526,3.906528764,1.322891652,1.619428204,2018,5.003421676
31,32,Qatar,Middle East and Northern Africa,6.374,4.412894347,3.067228355,4.087791698,2.605078945,1.786594986,2018,4.468443073
32,33,Saudi Arabia,Middle East and Northern Africa,6.371,3.690346455,2.595662498,3.181477025,0.9972567835,1.326886335,2018,4.564464874
33,34,Singapore,Southeastern Asia,6.343,4.091761951,4.133377249,3.94403144,2.655959393,4.774701221,2018,4.975986876
34,35,Malaysia,Southeastern Asia,6.322,3.106955935,2.743283114,2.225158784,3.164763874,0.6164275099,2018,4.314122322
35,36,Spain,Western Europe,6.31,3.347805233,3.957052624,2.806450264,1.445004727,0.7731463684,2018,5.274340327
36,37,Colombia,Latin America and Caribbean,6.26,2.569059171,2.603863644,3.318986838,1.007432873,0.407469032,2018,4.934834676
37,38,Trinidad and Tobago,Latin America and Caribbean,6.192,3.27287434,2.312722984,3.594006463,1.740111326,0.198510554,2018,5.116590226
38,39,Slovakia,Central and Eastern Europe,6.173,3.238084997,3.18204439,2.212657892,1.200778576,0.1462709346,2018,5.270910977
39,40,El Salvador,Latin America and Caribbean,6.167,2.156939263,2.620265934,2.881455616,0.6614458258,0.8567297595,2018,4.221529872
40,41,Nicaragua,Latin America and Caribbean,6.141,1.787637007,2.870400867,3.293985054,2.116626643,1.337334259,2018,4.523312673
41,42,Poland,Central and Eastern Europe,6.123,3.147097485,3.202547253,3.412743528,1.09901768,0.6686671294,2018,4.965698826
42,43,Bahrain,Middle East and Northern Africa,6.105,3.58062622,2.862199722,3.712764937,2.472789779,1.285094639,2018,4.684492124
43,44,Uzbekistan,Central and Eastern Europe,6.096,1.924118275,2.480846464,4.52532292,3.337757398,2.706012289,2018,5.432090428
44,45,Kuwait,Middle East and Northern Africa,6.083,3.944576269,2.76788655,3.462747096,1.699406968,1.107479933,2018,4.461584373
45,46,Thailand,Southeastern Asia,6.072,2.718920956,2.899104876,3.981534116,3.704096624,0.302989793,2018,4.859388975
46,47,Italy,Western Europe,6,3.382594576,3.879141743,1.756375332,1.394124279,0.2925418691,2018,5.147454377
47,48,Ecuador,Latin America and Caribbean,5.973,2.379055837,3.018021483,3.475247988,1.160074218,1.253750868,2018,4.561035524
48,49,Belize,Latin America and Caribbean,5.956,2.159615366,1.943671444,3.706514491,1.862224402,0.9298652268,2018,3.77571437
49,50,Lithuania,Central and Eastern Europe,5.952,3.203295654,2.93601003,2.187656108,0.2645783303,0.06268754338,2018,5.236617477
50,51,Slovenia,Central and Eastern Europe,5.948,3.262169927,3.510090203,3.956532332,1.62817434,0.5328441187,2018,5.164601127
51,52,Romania,Central and Eastern Europe,5.945,2.986531287,2.977015756,3.3002355,0.8954958872,0.0104479239,2018,4.180377672
52,53,Latvia,Central and Eastern Europe,5.933,3.072166592,2.75148426,2.268911906,0.9362002457,0.6895629772,2018,4.986274926
53,54,Japan,Eastern Asia,5.915,3.462877675,4.051365795,3.45649665,0.8039110806,1.567188585,2018,5.013709726
54,55,Mauritius,Sub-Saharan Africa,5.891,2.916952601,2.804791704,3.650260477,2.493141959,0.5223961948,2018,4.756508475
55,56,Jamaica,Latin America and Caribbean,5.89,2.191728605,2.841696858,3.594006463,0.9769046042,0.3238856408,2018,5.120019576
56,57,South Korea,Eastern Asia,5.875,3.387946782,3.916046897,1.525108829,1.780815685,0.5328441187,2018,4.128937421
57,58,Cyprus,Western Europe,5.835,3.28893096,3.727420555,3.093970781,1.821520043,1.60898028,2018,4.152942871
58,59,Russia,Central and Eastern Europe,5.81,3.080194902,2.456243028,2.493927963,0.6614458258,0.2611980974,2018,5.072008676
59,60,Kazakhstan,Central and Eastern Europe,5.79,3.058786076,2.587461353,2.837702494,1.506061265,1.264198792,2018,4.128937421
60,61,Cyprus,Western Europe,5.762,3.28893096,3.727420555,2.643938667,2.055570105,0.3656773364,2018,5.072008676
61,62,Bolivia,Latin America and Caribbean,5.752,2.009753581,2.083090915,3.787770289,1.434828637,0.5641878904,2018,4.194095072
62,63,Estonia,Central and Eastern Europe,5.739,3.211323964,3.022122056,3.45649665,0.875143708,1.817938758,2018,5.253764227
63,64,Paraguay,Latin America and Caribbean,5.681,2.234546258,2.52185219,3.381491298,1.64852652,0.7731463684,2018,5.219470727
64,65,Peru,Latin America and Caribbean,5.663,2.499480485,2.763785978,3.312736392,0.9362002457,0.3552294125,2018,4.283258172
66,67,Moldova,Central and Eastern Europe,5.64,1.75819987,2.542355054,1.450103477,1.740111326,0.3552294125,2018,4.461584373
67,68,Turkmenistan,Central and Eastern Europe,5.636,2.718920956,2.119996069,2.606435991,2.025041836,0.3865731842,2018,5.257193577
68,69,Hungary,Central and Eastern Europe,5.62,3.133716968,3.001619192,1.61886552,0.6207414673,0.2298543257,2018,4.804519375
69,70,Libya,Middle East and Northern Africa,5.566,2.635961754,2.267616685,3.100221227,1.180426397,1.546292737,2018,4.629622524
70,71,Philippines,Southeastern Asia,5.524,2.07398006,2.103593778,4.019036792,1.221130755,1.097032009,2018,4.499307223
71,72,Honduras,Latin America and Caribbean,5.504,1.659184048,2.550556199,2.868954724,2.004689657,0.7731463684,2018,4.132366771
72,73,Belarus,Central and Eastern Europe,5.483,2.780471332,2.870400867,1.918886929,1.027785052,1.60898028,2018,5.137166327
73,74,Turkey,Middle East and Northern Africa,5.483,3.072166592,2.81299285,2.025144511,1.078665501,1.138823705,2018,4.732503024
74,75,Pakistan,Southern Asia,5.472,1.744819354,1.738642811,2.087648971,2.19803536,1.1806154,2018,2.777773514
76,77,Portugal,Western Europe,5.41,3.179210724,3.624906238,3.512750664,0.5596849295,0.1776147062,2018,4.900541175
77,78,Serbia,Central and Eastern Europe,5.398,2.609200721,2.808892277,1.800128454,1.36359601,0.4492607276,2018,4.694780174
78,79,Greece,Western Europe,5.358,3.088223212,3.604403375,0.8188084289,1.36359601,0.4597086515,2018,4.122078721
79,80,Lebanon,Middle East and Northern Africa,5.358,2.582439688,3.218949544,3.143974349,2.17768318,1.42091765,2018,4.043203671
80,81,Montenegro,Central and Eastern Europe,5.347,2.72159706,2.989317474,1.61886552,1.129545949,0.8462818356,2018,4.386138673
81,82,Croatia,Central and Eastern Europe,5.321,2.983855183,3.022122056,2.375169488,1.221130755,0.407469032,2018,3.981475371
82,83,Dominican Republic,Latin America and Caribbean,5.302,2.627933444,2.517751618,3.612757801,1.221130755,1.107479933,2018,4.941693376
83,84,Algeria,Middle East and Northern Africa,5.295,2.619905134,2.817093422,0.4812843437,0.5596849295,1.410469726,2018,3.95746992
84,85,Morocco,Middle East and Northern Africa,5.254,2.084684473,2.743283114,2.87520517,0.2645783303,0.7731463684,2018,2.733191964
85,86,China,Eastern Asia,5.246,2.646666167,3.276357561,3.731516275,0.2951065992,1.076136161,2018,3.91631772
86,87,Azerbaijan,Central and Eastern Europe,5.201,2.740329783,2.472645318,2.687691789,0.3154587784,1.838834606,2018,3.981475371
87,88,Tajikistan,Central and Eastern Europe,5.199,1.268472966,2.452142455,1.825130238,1.90292876,0.3552294125,2018,3.998622121
88,89,Macedonia,Central and Eastern Europe,5.185,2.566383068,2.833495713,2.462675733,1.760463506,0.5432920426,2018,4.248964672
89,90,Jordan,Middle East and Northern Africa,5.161,2.199756915,2.64486937,2.925208738,1.322891652,1.400021802,2018,4.338127772
90,91,Nigeria,Sub-Saharan Africa,5.155,1.843835176,0.196827488,2.887706062,2.045394015,0.3343335647,2018,4.019198221
92,93,Bosnia and Herzegovina,Central and Eastern Europe,5.129,2.448634523,3.108234082,1.750124886,2.19803536,0.3343335647,2018,3.696839319
93,94,Mongolia,Eastern Asia,5.125,2.445958419,2.357829284,2.468926179,2.574550676,0.3343335647,2018,5.202323977
94,95,Vietnam,Southeastern Asia,5.103,1.913413862,2.878602012,3.862775642,1.801167864,0.8253859879,2018,4.681062774
95,96,Indonesia,Southeastern Asia,5.093,2.40581687,2.140498932,3.36273996,4.92522738,0.1880626301,2018,4.166660272
96,97,Bhutan,Southern Asia,5.082,2.13017823,2.161001796,3.381491298,3.704096624,1.786594986,2018,4.578182274
97,98,Somalia,Sub-Saharan Africa,4.982,2.13017823,0.4715658567,4.212800619,2.421909331,2.946314539,2018,2.441697213
98,99,Cameroon,Sub-Saharan Africa,4.975,1.431715267,0.7463042254,2.837702494,1.862224402,0.4492607276,2018,3.055550866
99,100,Bulgaria,Central and Eastern Europe,4.933,2.820612882,2.919607739,2.243910122,0.6512697362,0.09403131507,2018,5.195465277
100,101,Nepal,Southern Asia,4.88,1.137343904,2.210208668,3.287734608,3.073179067,0.814938064,2018,4.211241822
101,102,Venezuela,Latin America and Caribbean,4.806,2.66539889,2.694076242,0.8313093209,0.5698610191,0.5432920426,2018,5.037715176
102,103,Gabon,Sub-Saharan Africa,4.758,2.772443022,1.656631358,2.225158784,0.3256348681,0.5432920426,2018,3.991763421
103,104,Palestinian Territories,Middle East and Northern Africa,4.743,1.718058321,2.468544746,1.662618642,0.875143708,0.7940422162,2018,4.173518972
104,105,South Africa,Sub-Saharan Africa,4.724,2.515537105,1.35318898,3.225230147,1.048137232,0.5850837382,2018,4.835383525
105,106,Iran,Middle East and Northern Africa,4.707,2.833993398,2.833495713,2.868954724,2.869657275,1.347782183,2018,2.644028864
106,107,Ivory Coast,Sub-Saharan Africa,4.671,1.447771887,0.3280458134,2.918958292,1.485709086,1.076136161,2018,2.990393215
107,108,Ghana,Sub-Saharan Africa,4.657,1.584253156,1.381892989,3.118972565,2.157331001,0.302989793,2018,3.072697616
108,109,Senegal,Sub-Saharan Africa,4.631,1.148048317,1.775547965,2.537681085,1.404300369,0.8567297595,2018,3.83058397
109,110,Laos,Southeastern Asia,4.623,1.926794378,1.808352546,3.91277921,2.340500614,1.817938758,2018,3.545947918
110,111,Tunisia,Middle East and Northern Africa,4.592,2.408492973,2.82939514,1.693870872,0.4070435851,0.6582192055,2018,3.106991116
111,112,Albania,Central and Eastern Europe,4.586,2.451310626,3.239452407,2.618936883,1.516237354,0.3343335647,2018,2.801778964
112,113,Sierra Leone,Sub-Saharan Africa,4.571,0.6850824457,3.239452407,2.218908338,2.421909331,0.5537399665,2018,2.788061564
113,114,Congo (Brazzaville),Sub-Saharan Africa,4.559,1.825102453,1.406496425,3.212729255,0.9260241561,0.8044901401,2018,2.781202864
114,115,Bangladesh,Southern Asia,4.5,1.423686957,2.374231574,3.625258693,1.556941713,1.504501041,2018,2.914947515
115,116,Sri Lanka,Southern Asia,4.471,2.456662833,2.755584832,3.656510923,3.124059516,0.5223961948,2018,4.506165923
116,117,Iraq,Middle East and Northern Africa,4.456,2.702864336,2.19790695,1.900135591,1.506061265,0.9925527702,2018,3.329898867
117,118,Mali,Sub-Saharan Africa,4.447,0.9901582223,0.6232870454,2.29391369,1.414476458,0.5850837382,2018,4.228388572
118,119,Namibia,Sub-Saharan Africa,4.441,2.338914287,1.496709024,3.243981485,0.518980571,0.6686671294,2018,4.392997373
119,120,Cambodia,Southeastern Asia,4.433,1.469180714,1.873961709,4.350310431,2.605078945,0.6791150533,2018,3.731132819
120,121,Burkina Faso,Sub-Saharan Africa,4.424,0.8402964373,1.041545457,1.950139159,1.780815685,1.337334259,2018,3.761996969
121,122,Egypt,Middle East and Northern Africa,4.419,2.368351424,2.267616685,1.950139159,0.9362002457,1.117927857,2018,3.515083768
122,123,Mozambique,Sub-Saharan Africa,4.417,0.5298684541,0.7093990714,3.318986838,2.096274463,1.650771976,2018,3.093273716
123,124,Kenya,Sub-Saharan Africa,4.41,1.319318929,1.861659991,3.150224795,3.581983549,0.5746358143,2018,3.593958819
124,125,Zambia,Sub-Saharan Africa,4.377,1.503970057,1.209668937,3.143974349,2.248915808,0.8567297595,2018,3.590529469
125,126,Mauritania,Sub-Saharan Africa,4.356,1.49058954,1.197367219,0.8063075368,1.36359601,0.9716569224,2018,4.269540772
126,127,Ethiopia,Sub-Saharan Africa,4.35,0.8242398175,1.603323913,2.825201602,2.238739718,1.525396889,2018,3.257882517
127,128,Georgia,Central and Eastern Europe,4.34,2.282716118,2.636668225,2.343917258,0.3866914058,2.246303638,2018,2.03017521
128,129,Armenia,Central and Eastern Europe,4.321,2.183700296,2.730981396,1.625115966,0.7835589013,0.2925418691,2018,3.395056518
129,130,Myanmar,Southeastern Asia,4.308,1.825102453,1.759145674,3.625258693,6.085301597,1.859730454,2018,4.026056921
130,131,Chad,Sub-Saharan Africa,4.301,0.9580449826,0.2173303514,1.181334298,1.841872223,0.6268754338,2018,3.110420466
131,132,Congo (Kinshasa),Sub-Saharan Africa,4.245,0.1846511279,0.8365168241,1.950139159,2.004689657,0.5432920426,2018,3.89574162
132,133,India,Southern Asia,4.19,1.929470482,1.988777744,3.368990406,1.750287416,0.9716569224,2018,2.561724463
133,134,Niger,Sub-Saharan Africa,4.166,0.3505695327,0.9062265595,2.437673949,1.780815685,1.034344466,2018,2.973246465
134,135,Uganda,Sub-Saharan Africa,4.161,0.8617052637,0.9718357221,2.81270071,2.635607214,0.6373233577,2018,3.737991519
135,136,Benin,Sub-Saharan Africa,4.141,1.011567049,0.9841374401,2.75019625,1.658702609,0.7000109011,2018,1.275718207
136,137,Sudan,Sub-Saharan Africa,4.139,1.619042499,1.279378672,0.1000071364,1.36359601,0.8567297595,2018,4.252394022
137,138,Ukraine,Central and Eastern Europe,4.103,2.12214992,2.497248754,1.018822702,1.90292876,0.1149271629,2018,4.845671575
138,139,Togo,Sub-Saharan Africa,3.999,0.6931107556,1.037444885,2.712693574,1.607822161,1.055240314,2018,1.625511908
139,140,Guinea,Sub-Saharan Africa,3.964,0.9205795364,0.8652208328,2.462675733,1.882576581,0.9821048463,2018,2.716045214
140,141,Lesotho,Sub-Saharan Africa,3.808,1.263120759,0.3239452407,2.643938667,1.180426397,1.170167476,2018,4.166660272
141,142,Angola,Sub-Saharan Africa,3.795,1.953555411,1.103054047,2.643938667,0.8039110806,0.6373233577,2018,3.85801877
142,143,Madagascar,Sub-Saharan Africa,3.774,0.7011390655,1.648430212,1.381348571,1.577293892,0.5119482709,2018,3.113849816
143,144,Zimbabwe,Sub-Saharan Africa,3.692,0.9553688793,1.016942021,2.537681085,1.343243831,1.034344466,2018,3.751708919
144,145,Afghanistan,Southern Asia,3.632,0.8884662967,1.04564603,0.5312879119,1.943633119,0.3761252603,2018,1.84156096
145,146,Botswana,Sub-Saharan Africa,3.59,2.72159706,1.709938802,3.481498434,0.4273957644,0.9612089985,2018,4.026056921
146,147,Malawi,Sub-Saharan Africa,3.587,0.4977552144,1.254775236,3.318986838,2.136978822,0.8358339118,2018,1.85527836
147,148,Haiti,Latin America and Caribbean,3.582,0.8429725406,1.185065501,0.1562611506,3.989027134,1.086584085,2018,2.448555913
148,149,Liberia,Sub-Saharan Africa,3.495,0.2033838511,1.094852902,2.618936883,2.096274463,0.3134377169,2018,2.942382315
149,150,Syria,Middle East and Northern Africa,3.462,1.843835176,2.210208668,0.5500392499,3.8262097,1.504501041,2018,1.310011707
150,151,Rwanda,Sub-Saharan Africa,3.408,0.8884662967,1.640229067,3.97528367,2.035217925,4.63887821,2018,3.072697616
151,152,Yemen,Middle East and Northern Africa,3.355,1.18283766,1.406496425,1.525108829,0.8446154391,0.6686671294,2018,3.679692569
152,153,Tanzania,Sub-Saharan Africa,3.303,1.217627003,1.562318186,3.006464537,2.747544199,1.013448618,2018,3.398485868
153,154,South Sudan,Sub-Saharan Africa,3.254,0.9018468133,0.7258013621,0.7000499545,2.279444077,1.107479933,2018,2.085044811
154,155,Central African Republic,Sub-Saharan Africa,3.083,0.06422647928,0.04100572667,1.906386037,2.218387539,0.3970211081,2018,2.085044811
155,156,Burundi,Sub-Saharan Africa,2.905,0.2435254006,0.5945830368,0.4062789914,1.516237354,0.7940422162,2018,2.150202461
,1,Finland,Western Europe,7.769,3.406569833,4.179500887,4.226927215,1.616758949,4.190271484,2019,5.374116031
1,2,Denmark,Western Europe,7.6,3.515885133,4.221889334,4.198558576,2.662897093,4.371530047,2019,5.32670732
2,3,Norway,Western Europe,7.554,3.782817844,4.357532365,4.276572333,2.86367108,3.635833527,2019,5.357184349
3,4,Iceland,Western Europe,7.494,3.508258484,4.349054676,4.191466416,3.740736392,1.258147672,2019,5.499410482
4,5,Netherlands,Western Europe,7.488,3.548933945,4.234605868,3.950332984,3.40259073,3.177355986,2019,5.154004158
5,6,Switzerland,Western Europe,7.48,3.691298058,4.459264638,4.056715381,2.779134664,3.657158064,2019,5.167549504
6,7,Sweden,Western Europe,7.343,3.526053998,4.276994315,4.0708997,2.821402872,3.977026116,2019,5.035482381
7,8,New Zealand,Australia and New Zealand,7.307,3.31250783,4.349054676,4.148913458,3.487127145,4.051661995,2019,5.272525936
8,9,Canada,North America,7.278,3.47012524,4.404159657,4.141821298,3.011609807,3.28397867,2019,5.096436438
9,10,Austria,Western Europe,7.246,3.498089619,4.306666228,3.773028991,2.578360677,2.40967266,2019,4.994846343
10,11,Australia,Australia and New Zealand,7.228,3.487920754,4.391443123,3.950332984,3.508261249,3.092057838,2019,5.242048908
11,12,Costa Rica,Latin America and Caribbean,7.167,2.628651647,4.082007459,3.957425144,1.521655482,0.9915909619,2019,4.879710902
12,13,Israel,Middle East and Northern Africa,7.139,3.24386799,4.36177121,2.63119127,2.75800056,0.8743060095,2019,4.927119613
13,14,Luxembourg,Western Europe,7.09,4.090426016,4.28971085,3.730476032,2.050008079,3.369276817,2019,5.008391689
14,15,United Kingdom,Western Europe,7.054,3.388774319,4.221889334,3.19147189,3.677334081,2.964110617,2019,5.208185543
15,16,Ireland,Western Europe,7.021,3.810782223,4.234605868,3.659554434,3.148981483,3.305303206,2019,5.25898059
16,17,Germany,Western Europe,6.985,3.49046297,4.183739732,3.51061908,2.75800056,2.825501128,2019,4.923733276
17,18,Belgium,Western Europe,6.923,3.447245293,4.179500887,3.354591565,1.690728313,2.239076366,2019,5.093050101
18,19,United States,North America,6.892,3.642995948,3.704750279,3.219840529,2.958774548,1.364770356,2019,4.933892286
19,20,Czech Republic,Central and Eastern Europe,6.852,3.226072476,3.899737136,3.241117009,0.48608439,0.3838416627,2019,5.035482381
20,21,United Arab Emirates,Middle East and Northern Africa,6.825,3.820951088,3.497046888,4.241111534,2.768567612,1.94053285,2019,4.43610082
21,22,Malta,Western Europe,6.726,3.304881181,4.234605868,3.999978103,3.962644483,1.61000253,2019,5.147231485
22,23,Mexico,Latin America and Caribbean,6.595,2.720171434,3.649645298,3.070905175,0.7819618447,0.7783455938,2019,4.480123194
23,24,France,Western Europe,6.592,3.365894372,4.429592725,3.092181654,1.172942767,1.951195119,2019,4.984687333
25,26,Chile,Latin America and Caribbean,6.444,2.946428684,3.899737136,2.531901033,1.976038716,0.5970870308,2019,4.635894673
26,27,Guatemala,Latin America and Caribbean,6.436,2.033773034,3.162178156,3.79430547,1.849234092,0.8316569358,2019,4.297261023
27,28,Saudi Arabia,Middle East and Northern Africa,6.375,3.566729459,3.369881547,3.113458133,0.8453641564,1.40741943,2019,4.595258635
28,29,Qatar,Middle East and Northern Africa,6.374,4.281092238,3.692033745,3.936148665,2.32475143,1.780598824,2019,4.446259829
29,30,Spain,Western Europe,6.354,3.269290153,4.501653085,2.567361832,1.616758949,0.8423192042,2019,5.025323371
30,31,Panama,Latin America and Caribbean,6.321,2.921006521,3.857348689,3.659554434,1.151808663,0.575762494,2019,4.883097238
31,32,Brazil,Latin America and Caribbean,6.3,2.552385158,3.39955346,2.765942305,1.046138144,0.9169550831,2019,4.872938229
32,33,Uruguay,Latin America and Caribbean,6.293,2.857451113,3.776810639,3.709199553,1.342015598,1.599340261,2019,4.960982978
33,34,Singapore,Southeastern Asia,6.262,3.996364013,4.836521818,3.943240825,2.86367108,4.830007589,2019,4.954210305
34,35,El Salvador,Latin America and Caribbean,6.253,2.018519737,3.344448479,3.049628695,0.9827358319,0.7890078622,2019,4.205829937
35,36,Italy,Western Europe,6.223,3.289627883,4.404159657,1.638288904,1.669594209,0.3198680522,2019,5.038868717
36,37,Bahrain,Middle East and Northern Africa,6.199,3.462498591,3.692033745,3.80139763,2.694598249,1.172849525,2019,4.632508337
37,38,Slovakia,Central and Eastern Europe,6.198,3.167601501,3.734422192,2.368781359,1.278613287,0.1492717577,2019,5.093050101
38,39,Trinidad and Tobago,Latin America and Caribbean,6.192,3.129468257,3.02229628,3.468066121,1.954904612,0.1705962945,2019,5.001619016
39,40,Poland,Central and Eastern Europe,6.182,3.065912849,3.747138726,3.425513162,1.236345079,0.5331134204,2019,4.869551892
40,41,Uzbekistan,Central and Eastern Europe,6.174,1.893951138,3.204566603,4.475152806,3.40259073,2.558944418,2019,5.177708514
41,42,Lithuania,Central and Eastern Europe,6.149,3.147263771,3.467374975,2.063818489,0.4543832341,0.4478152731,2019,5.130299803
42,43,Colombia,Latin America and Caribbean,6.125,2.504083049,3.564868404,3.333315086,1.046138144,0.3625171259,2019,4.77473447
43,44,Slovenia,Central and Eastern Europe,6.118,3.198108097,4.039619012,3.999978103,1.521655482,0.6077492993,2019,5.157390495
44,45,Nicaragua,Latin America and Caribbean,6.105,1.764298107,3.539435335,3.085089494,2.113410391,1.354108088,2019,4.486895867
46,47,Argentina,Latin America and Caribbean,6.086,2.776100192,3.734422192,3.340407245,0.6974254291,0.5331134204,2019,4.849233873
47,48,Romania,Central and Eastern Europe,6.07,2.954055333,3.497046888,3.276577808,0.8770653123,0.05331134204,2019,4.171966572
48,49,Cyprus,Western Europe,6.046,3.210819178,4.416876191,2.879416861,2.007739872,0.4371530047,2019,4.141489544
49,50,Ecuador,Latin America and Caribbean,6.028,2.318501259,3.679317211,3.531895559,1.331448546,0.9276173515,2019,4.442873493
50,51,Kuwait,Middle East and Northern Africa,6.021,3.81332444,3.424986528,3.49643476,1.500521378,1.034240036,2019,4.466577848
51,52,Thailand,Southeastern Asia,6.008,2.669327108,3.509763422,3.950332984,3.793571652,0.2985435154,2019,4.771348134
52,53,Latvia,Central and Eastern Europe,5.94,3.01761074,3.441941907,1.872330176,0.7925288967,0.6823851781,2019,4.960982978
53,54,South Korea,Eastern Asia,5.895,3.307423397,4.391443123,1.127653401,1.849234092,0.5970870308,2019,4.127944198
54,55,Estonia,Central and Eastern Europe,5.893,3.144721555,3.704750279,3.51061908,1.088406351,1.716625214,2019,5.174322177
55,56,Jamaica,Latin America and Caribbean,5.89,2.11258174,3.522479957,3.475158281,1.130674559,0.2985435154,2019,5.005005352
56,57,Mauritius,Sub-Saharan Africa,5.888,2.847282248,3.382598081,3.531895559,2.27191617,0.6397361045,2019,4.747643778
57,58,Japan,Eastern Asia,5.886,3.373521021,4.611863048,3.156011092,0.7291265849,1.492717577,2019,4.805211499
58,59,Honduras,Latin America and Caribbean,5.86,1.63210286,3.509763422,3.595724997,2.599494781,0.8316569358,2019,4.185511918
59,60,Kazakhstan,Central and Eastern Europe,5.809,2.982019712,3.090117796,2.9077855,1.542789586,1.023577767,2019,5.106595447
60,61,Bolivia,Latin America and Caribbean,5.779,1.972759843,2.992624367,3.624093636,1.447686118,0.6823851781,2019,4.094080833
61,62,Hungary,Central and Eastern Europe,5.758,3.053201768,3.509763422,1.411339792,0.8559312084,0.2132453682,2019,4.77473447
62,63,Paraguay,Latin America and Caribbean,5.743,2.173594931,3.293582342,3.645370115,1.94433756,0.8529814726,2019,4.994846343
63,64,Cyprus,Western Europe,5.718,3.210819178,4.416876191,2.957430619,2.018306924,1.727287482,2019,4.994846343
64,65,Peru,Latin America and Caribbean,5.697,2.440527641,3.619973385,3.226932689,0.8770653123,0.287881247,2019,4.314192706
65,66,Portugal,Western Europe,5.693,3.104046094,4.234605868,3.602817156,0.4966514419,0.2665567102,2019,4.845847537
66,67,Pakistan,Southern Asia,5.653,1.72108043,2.267781921,2.219846004,2.32475143,1.044902304,2019,3.000294142
67,68,Russia,Central and Eastern Europe,5.648,3.007441875,3.077401262,2.368781359,0.8664982604,0.3305303206,2019,4.916960603
68,69,Philippines,Southeastern Asia,5.631,2.051568549,2.784920976,3.957425144,1.236345079,1.14086272,2019,4.378533099
69,70,Serbia,Central and Eastern Europe,5.603,2.552385158,3.619973385,1.999989051,1.447686118,0.4158284679,2019,4.683303384
70,71,Moldova,Central and Eastern Europe,5.529,1.741418161,3.132506243,1.73757914,1.912636404,0.4158284679,2019,4.497054877
71,72,Libya,Middle East and Northern Africa,5.525,2.65407381,2.852742492,2.950338459,1.40541791,1.620664798,2019,4.412396464
72,73,Montenegro,Central and Eastern Europe,5.523,2.671869324,3.692033745,1.397155472,1.500521378,0.8529814726,2019,4.608803981
73,74,Tajikistan,Central and Eastern Europe,5.467,1.253312632,3.043490504,2.758850145,2.43042195,1.535366651,2019,3.718197481
74,75,Croatia,Central and Eastern Europe,5.432,2.936259819,3.874304068,2.099279288,1.257479183,0.234569905,2019,4.287102014
76,77,Dominican Republic,Latin America and Caribbean,5.425,2.580349537,3.302060031,3.524803399,1.194076871,1.076889109,2019,4.744257442
77,78,Bosnia and Herzegovina,Central and Eastern Europe,5.386,2.402394397,3.581823783,1.503537868,2.779134664,0.06397361045,2019,4.104239842
78,79,Turkey,Middle East and Northern Africa,5.373,3.007441875,3.424986528,1.382971153,0.8770653123,1.130200451,2019,4.605417645
79,80,Malaysia,Southeastern Asia,5.339,3.104046094,3.509763422,3.602817156,2.747433508,0.2558944418,2019,3.965400046
80,81,Belarus,Central and Eastern Europe,5.323,2.712544785,3.344448479,1.666657543,0.9933028838,1.514042114,2019,4.960982978
81,82,Greece,Western Europe,5.287,3.002357442,4.234605868,0.4751747037,0.9933028838,0.3625171259,2019,3.914604998
82,83,Mongolia,Eastern Asia,5.285,2.410021046,2.827309424,2.248214643,2.48325721,0.4051661995,2019,5.184481187
83,84,Macedonia,Central and Eastern Europe,5.274,2.498998616,3.55215187,2.446795116,1.954904612,0.3625171259,2019,4.381919436
84,85,Nigeria,Sub-Saharan Africa,5.265,1.76938254,1.038516955,3.021260056,2.27191617,0.4371530047,2019,3.762219855
86,87,Turkmenistan,Central and Eastern Europe,5.247,2.67441154,2.784920976,2.794310944,2.578360677,0.2985435154,2019,5.208185543
87,88,Algeria,Middle East and Northern Africa,5.211,2.547300726,3.3274931,0.6099257391,0.7713947928,1.215498599,2019,3.928150344
88,89,Morocco,Middle East and Northern Africa,5.208,2.036315251,3.314776566,2.964522778,0.3804138704,0.810332399,2019,2.648115146
89,90,Azerbaijan,Central and Eastern Europe,5.208,2.651531594,3.259671584,2.489348075,0.3698468184,1.94053285,2019,3.88412797
90,91,Lebanon,Middle East and Northern Africa,5.197,2.509167481,3.454658441,1.531906507,1.754130625,0.287881247,2019,4.14487588
91,92,Indonesia,Southeastern Asia,5.192,2.366803369,2.797637511,3.48225044,5.262391874,0.2985435154,2019,4.073762814
92,93,China,Eastern Asia,5.191,2.615940566,3.785288329,3.695015233,0.6128890134,1.066226841,2019,3.809628567
93,94,Vietnam,Southeastern Asia,5.175,1.883782273,3.607256851,3.851042748,1.553356637,0.7783455938,2019,4.558008934
94,95,Bhutan,Southern Asia,5.082,2.066821846,2.560262207,3.241117009,3.909809224,1.780598824,2019,4.473350521
95,96,Cameroon,Sub-Saharan Africa,5.044,1.395676745,1.4030576,2.702112867,1.976038716,0.3945039311,2019,3.081566218
96,97,Bulgaria,Central and Eastern Europe,5.011,2.776100192,3.454658441,2.205661684,0.8559312084,0.04264907363,2019,5.12352713
97,98,Ghana,Sub-Saharan Africa,4.996,1.553294155,2.060078531,2.702112867,2.588927729,0.4264907363,2019,2.939340085
98,99,Ivory Coast,Sub-Saharan Africa,4.944,1.446521071,0.9834119734,2.496440234,1.627326001,0.9596041567,2019,2.736159895
99,100,Nepal,Southern Asia,4.913,1.133828467,2.869697871,3.113458133,3.011609807,0.9489418883,2019,4.151648553
100,101,Jordan,Middle East and Northern Africa,4.906,2.127835037,3.454658441,2.716297187,1.162375715,1.386094893,2019,4.148262217
101,102,Benin,Sub-Saharan Africa,4.883,0.9990910032,1.682821351,2.475163755,1.849234092,0.8743060095,2019,1.479829052
102,103,Congo (Brazzaville),Sub-Saharan Africa,4.812,1.710911565,2.153333114,2.638283429,1.109540455,0.9915909619,2019,2.705682866
103,104,Gabon,Sub-Saharan Africa,4.799,2.687122622,2.420380331,2.092187128,0.4543832341,0.5864247624,2019,4.006036084
104,105,Laos,Southeastern Asia,4.796,1.942253248,2.335603437,3.879411387,2.81083582,1.748612019,2019,3.487926599
105,106,South Africa,Sub-Saharan Africa,4.722,2.440527641,1.98801817,2.758850145,1.373716754,0.5864247624,2019,4.574940616
106,107,Albania,Central and Eastern Europe,4.719,2.40747883,3.704750279,2.716297187,1.880935248,0.287881247,2019,2.871613355
107,108,Venezuela,Latin America and Caribbean,4.707,2.440527641,3.412269994,1.092192603,0.6762913252,0.5011266152,2019,4.832302191
108,109,Cambodia,Southeastern Asia,4.7,1.459232152,2.700144082,4.319125292,2.451556054,0.6610606413,2019,3.799469557
109,110,Palestinian Territories,Middle East and Northern Africa,4.696,1.670236105,2.848503647,1.595735945,1.088406351,0.7037097149,2019,4.22276162
110,111,Senegal,Sub-Saharan Africa,4.681,1.143997332,2.420380331,2.070910649,1.616758949,0.7676833254,2019,3.840105595
111,112,Somalia,Sub-Saharan Africa,4.668,1.143997332,1.136010383,3.964517304,2.567793625,2.87881247,2019,2.36366288
112,113,Namibia,Sub-Saharan Africa,4.639,2.234608122,2.021928928,2.843956062,0.7396936369,0.5970870308,2019,4.446259829
113,114,Niger,Sub-Saharan Africa,4.628,0.3508258484,1.551417165,2.255306803,1.986605768,1.087551378,2019,2.621024454
114,115,Burkina Faso,Sub-Saharan Africa,4.587,0.841473593,1.610760991,1.808500738,1.870368196,1.20483633,2019,3.575971348
115,116,Armenia,Central and Eastern Europe,4.559,2.160883849,3.454658441,2.007081211,1.003869936,0.6823851781,2019,3.572585011
116,117,Iran,Middle East and Northern Africa,4.548,2.796437922,3.3274931,2.163108726,2.853104028,1.332783551,2019,2.851295336
117,118,Guinea,Sub-Saharan Africa,4.534,0.9660421914,1.589566767,2.354597039,2.187379755,0.9169550831,2019,2.807272961
118,119,Georgia,Central and Eastern Europe,4.519,2.252403636,3.187611224,2.453887276,0.4543832341,1.748612019,2019,2.255300111
119,120,Gambia,Sub-Saharan Africa,4.516,0.7830026183,1.814225537,2.709205027,2.842536976,1.780598824,2019,3.179769977
120,121,Kenya,Sub-Saharan Africa,4.509,1.301614742,2.462768778,3.056720855,3.930943327,0.5651002256,2019,3.328768783
121,122,Mauritania,Sub-Saharan Africa,4.49,1.449063287,2.072795065,0.4680825439,1.120107507,0.9382796199,2019,3.9518547
122,123,Mozambique,Sub-Saharan Africa,4.466,0.5186121238,1.653149438,3.50352692,2.081709235,1.47139304,2019,3.338927793
123,124,Tunisia,Middle East and Northern Africa,4.461,2.341381206,3.454658441,1.184390679,0.6234560654,0.5864247624,2019,3.386336504
124,125,Bangladesh,Southern Asia,4.456,1.428725557,3.064684728,3.737568192,1.754130625,1.524704382,2019,3.142520275
125,126,Iraq,Middle East and Northern Africa,4.437,2.651531594,2.433096865,1.709210501,1.563923689,0.9489418883,2019,3.318609774
126,127,Congo (Kinshasa),Sub-Saharan Africa,4.418,0.2389683315,1.513267563,1.907790975,2.240215015,0.5651002256,2019,3.809628567
127,128,Mali,Sub-Saharan Africa,4.39,0.9787532728,1.305564172,2.31913624,1.616758949,0.5544379572,2019,3.741901836
128,129,Sierra Leone,Sub-Saharan Africa,4.374,0.6813139665,1.025800421,2.191477365,2.662897093,0.4798020784,2019,2.847909
129,130,Sri Lanka,Southern Asia,4.366,2.412563262,3.522479957,3.333315086,2.578360677,0.5011266152,2019,4.283715677
130,131,Myanmar,Southeastern Asia,4.36,1.804973568,2.352558816,3.723383872,5.980951407,1.833910166,2019,3.999263411
131,132,Chad,Sub-Saharan Africa,4.35,0.8897757026,0.8138581849,1.234035798,2.092276287,0.8316569358,2019,2.593933762
132,133,Ukraine,Central and Eastern Europe,4.332,2.08461736,3.132506243,1.262404437,1.976038716,0.1066226841,2019,4.70700774
133,134,Ethiopia,Sub-Saharan Africa,4.286,0.8541846745,2.255065387,2.439702956,2.208513859,1.066226841,2019,3.498085608
134,135,Swaziland,Sub-Saharan Africa,4.212,2.061737414,2.255065387,2.219846004,0.7819618447,1.439406235,2019,3.890900643
135,136,Uganda,Sub-Saharan Africa,4.189,0.8440158093,1.877808208,2.524808873,2.662897093,0.6397361045,2019,3.619993722
136,137,Egypt,Middle East and Northern Africa,4.166,2.321043476,2.729815995,1.709210501,0.8030959486,0.7143719833,2019,3.518403627
137,138,Zambia,Sub-Saharan Africa,4.107,1.469401017,1.805747848,3.056720855,2.610061833,0.9276173515,2019,3.582744021
138,139,Sudan,Sub-Saharan Africa,4.139,1.619042499,1.279378672,0.1000071364,1.36359601,0.8567297595,2019,1.93698448
139,140,Togo,Sub-Saharan Africa,4.085,0.6991094806,1.737926332,2.078002809,1.870368196,0.9062928147,2019,2.590547425
140,141,India,Southern Asia,4.015,1.919373301,2.492440691,3.531895559,2.113410391,0.9062928147,2019,3.122202256
141,142,Liberia,Sub-Saharan Africa,3.975,0.1855817894,1.877808208,2.62409911,2.462123106,0.3518548575,2019,2.563456733
142,143,Comoros,Sub-Saharan Africa,3.973,0.6965672643,2.14061658,1.007086685,2.905939288,0.8316569358,2019,3.101884237
143,144,Madagascar,Sub-Saharan Africa,3.933,0.6965672643,2.352558816,1.049639644,1.78583178,0.4371530047,2019,3.958627373
144,145,Lesotho,Sub-Saharan Africa,3.802,1.243143767,0.7121259118,2.546085353,1.130674559,0.9915909619,2019,1.513692417
145,146,Burundi,Sub-Saharan Africa,3.775,0.1169419495,1.610760991,1.560275146,1.859801144,1.919208313,2019,3.772378865
146,147,Zimbabwe,Sub-Saharan Africa,3.663,0.9304511633,1.835419761,2.560269672,1.595624845,0.9489418883,2019,2.329799514
147,148,Haiti,Latin America and Caribbean,3.597,0.8211358627,1.903241276,0.1843961537,4.427594769,1.172849525,2019,3.877355297
148,149,Botswana,Sub-Saharan Africa,3.488,2.646447161,2.280498456,3.226932689,0.2641762989,1.066226841,2019,1.280035198
149,150,Syria,Middle East and Northern Africa,3.462,1.573631885,1.865091674,0.09219807684,3.497694197,1.503379846,2019,1.896348442
150,151,Malawi,Sub-Saharan Africa,3.41,0.485563312,2.098228133,3.141826772,2.303617326,0.9489418883,2019,3.938309354
151,152,Yemen,Middle East and Northern Africa,3.38,0.7296160761,1.962585102,1.014178845,1.141241611,0.8209946674,2019,2.407685254
152,153,Rwanda,Sub-Saharan Africa,3.334,0.9126556492,2.602650654,3.936148665,2.293050274,4.382192316,2019,2.996907806
153,154,Tanzania,Sub-Saharan Africa,3.231,1.210094956,2.115183512,2.957430619,2.91650634,1.567353456,2019,1.750735972
154,155,Afghanistan,Southern Asia,3.203,0.8897757026,1.530222941,2.957430619,1.669594209,0.2665567102,2019,1.750735972
155,156,Central African Republic,Sub-Saharan Africa,3.083,0.06609762362,0.4450786949,1.595735945,2.48325721,0.3731793943,2019,1.94714349
156,157,South Sudan,Sub-Saharan Africa,2.853,0.7779181857,1.25045919,0.07092159757,2.134544495,0.9702664251,2019,1.94714349